x,y,z
-0.244233994,0.001194,1.038861
-0.244233994,0.001194,1.038861
-0.244158279,0.0012514639999999999,1.038865395
-0.24405979900000002,0.00132931,1.038871109
-0.243966171,0.0014002810000000002,1.0388765260000001
-0.24380679300000002,0.0015257559999999999,1.038885727
-0.24361331200000003,0.001669469,1.038896873
-0.242838928,0.002256741,1.038941025
-0.24268003800000001,0.00237797,1.038949997
-0.24254184,0.002483586,1.038957779
-0.242282867,0.002684454,1.0389723050000002
-0.24203372200000003,0.0028759700000000003,1.0389862060000001
-0.24179261800000001,0.0030618850000000003,1.038999588
-0.24149699400000002,0.003292568,1.039015907
-0.241098633,0.003602208,1.039037735
-0.24075720200000003,0.003868894,1.0390562970000001
-0.240381927,0.004158496,1.039088348
-0.23998587000000002,0.004464341,1.0391239620000001
-0.239544937,0.004797507,1.039179039
-0.238952362,0.005236531,1.039272072
-0.23847187800000003,0.005599383,1.039337227
-0.237946442,0.006000117,1.039405968
-0.23739981100000002,0.006394192,1.039521637
-0.236805115,0.0068364459999999995,1.039629631
-0.236032928,0.007412377,1.03977549
-0.23538873300000002,0.007896201,1.039902794
-0.23468428000000002,0.008427248,1.0400476760000001
-0.23397578400000002,0.008961864,1.040196114
-0.233125534,0.009612909,1.040371902
-0.23236572300000002,0.010197214999999999,1.0405315400000001
-0.23155778500000002,0.010817862999999999,1.0407129670000002
-0.230736191,0.011450073,1.04090699
-0.22990486100000002,0.012103063,1.041092484
-0.22883656300000002,0.012945376,1.041346466
-0.22792950400000003,0.013666243,1.041565018
-0.22700891100000004,0.014411509000000001,1.041778648
-0.226076096,0.015175224,1.0419979860000002
-0.22512944,0.015959277,1.04222287
-0.22389973400000002,0.016995317,1.042516441
-0.22288241600000003,0.017854734,1.04276754
-0.22164064,0.018917072,1.043077988
-0.21744686900000001,0.022639099000000003,1.044122475
-0.216401321,0.023598377,1.044387016
-0.21533836400000003,0.024563221,1.044661125
-0.214229523,0.025537878,1.044935738
-0.21281759600000003,0.026772200000000003,1.045307045
-0.21143028300000002,0.028019861,1.045696297
-0.210267731,0.029020924,1.046006104
-0.20878775,0.030275986,1.046423515
-0.20760102800000002,0.031296547,1.046749573
-0.20612515300000003,0.032592228,1.0471416550000001
-0.20468260200000002,0.033889277999999995,1.047527863
-0.20357273900000003,0.034916855,1.047846169
-0.20219203200000002,0.036218628,1.048254135
-0.200847092,0.037529494999999996,1.048652756
-0.19978846700000003,0.038573811,1.048970009
-0.19854946899999998,0.039852955,1.049310669
-0.197300674,0.041157478,1.0496795270000001
-0.196357956,0.042194294,1.049944351
-0.195192947,0.043498081,1.050286392
-0.19403082300000002,0.044816673,1.050634529
-0.19300860599999997,0.046086246000000004,1.05088176
-0.19189709500000002,0.047408729999999996,1.051236794
-0.19085089100000002,0.048723953,1.051571335
-0.18980407700000002,0.050016891,1.051915337
-0.188795502,0.051330627,1.052235481
-0.18781662,0.052614738,1.05256356
-0.18688674900000002,0.053901192,1.0528557360000002
-0.18595355200000002,0.055199329,1.053156738
-0.184999207,0.056397754999999994,1.0535320430000001
-0.18206948899999997,0.060803677,1.054484421
-0.18142465199999996,0.061787205,1.054707321
-0.180654266,0.063003738,1.054968552
-0.180027679,0.063994762,1.055195541
-0.17927862499999997,0.06519266500000001,1.055459885
-0.178579651,0.066369507,1.055688522
-0.17791311600000004,0.067527008,1.055903061
-0.17725695800000002,0.068689865,1.05613266
-0.17651025399999998,0.07006351499999999,1.0563681950000001
-0.17586880500000002,0.071209114,1.056597214
-0.17525888099999998,0.07232653,1.056806229
-0.174693359,0.073414749,1.0569822690000001
-0.17415322900000002,0.07451785300000001,1.05715654
-0.17358190900000003,0.075576653,1.0573509220000001
-0.173053925,0.076693489,1.057512695
-0.17255685399999998,0.07775320399999999,1.057664032
-0.17197241200000002,0.079020493,1.05784877
-0.171484344,0.080024445,1.058010986
-0.17102880900000006,0.08103278400000001,1.058163483
-0.170580444,0.082071762,1.058301376
-0.17013311800000003,0.083074806,1.058452789
-0.169741882,0.08403441599999999,1.058563934
-0.16931842000000003,0.084996971,1.058710373
-0.168856628,0.08594461099999999,1.05889212
-0.168421906,0.086900169,1.059053787
-0.168067505,0.087825645,1.059138168
-0.167702454,0.088738708,1.059230011
-0.16731329299999997,0.089618301,1.059343842
-0.166097076,0.092547066,1.059660019
-0.16570257600000005,0.093432686,1.059800934
-0.16548586999999998,0.094090477,1.059811249
-0.165221191,0.094907417,1.059826813
-0.16487619000000003,0.095895409,1.0598712160000001
-0.164595612,0.096718384,1.0599137730000001
-0.164305115,0.097648331,1.059909027
-0.16404409800000003,0.098450218,1.059954681
-0.16375882000000003,0.099381599,1.059964981
-0.163489655,0.100196411,1.060028824
-0.16319693000000002,0.10112824999999999,1.06006488
-0.16291629000000002,0.10207121999999999,1.060111343
-0.162648132,0.102972366,1.0601369170000001
-0.16241799900000004,0.103764137,1.060173035
-0.162191315,0.104658737,1.060184799
-0.16199688700000003,0.105490448,1.060153793
-0.161798889,0.106316498,1.060131271
-0.16158563199999998,0.106989754,1.06007869
-0.161306915,0.10783206199999999,1.0600502010000001
-0.16116522200000005,0.10861095400000001,1.059954376
-0.16102639799999996,0.10935425600000001,1.0598113710000001
-0.16086377000000002,0.110164825,1.059758499
-0.16071701000000005,0.110934555,1.059662781
-0.16059130900000002,0.111675255,1.05953096
-0.16046511800000002,0.112376839,1.059397324
-0.16009930400000005,0.114461151,1.0591186830000001
-0.16001794400000002,0.115054695,1.0589991
-0.15990515100000002,0.115789818,1.0588847350000001
-0.15983175700000002,0.11634072100000001,1.058744385
-0.159758789,0.116895073,1.058608154
-0.159656403,0.11751360300000001,1.058529861
-0.15967074600000003,0.11797229799999999,1.0583010560000001
-0.15963510100000006,0.118497795,1.058138733
-0.15955178799999997,0.119166962,1.057993408
-0.15949383500000003,0.119789368,1.057816727
-0.15942681900000005,0.12029911800000001,1.057697662
-0.159381714,0.120901199,1.057513184
-0.15937957799999997,0.121477516,1.05728125
-0.15934701500000004,0.122035248,1.057084991
-0.15931716899999998,0.122630966,1.056905258
-0.15930563400000003,0.12319384800000001,1.0567026670000002
-0.159299774,0.123756851,1.056501801
-0.15930337500000002,0.124298363,1.056283936
-0.159284027,0.124874329,1.056110428
-0.159355835,0.12532946,1.055802704
-0.15937027000000004,0.12587363399999998,1.055590607
-0.15935415600000002,0.12642572800000001,1.05543396
-0.15938543700000002,0.12693055,1.0552275850000001
-0.15938671900000007,0.127446678,1.055058075
-0.15962292500000003,0.12888807700000002,1.0542696230000002
-0.15963555900000004,0.129301849,1.0541026310000001
-0.15970043900000003,0.129703506,1.053890106
-0.15971862800000003,0.13017202800000002,1.0536908870000001
-0.159768829,0.13055218500000002,1.0534877470000001
-0.15979840100000003,0.13093573,1.0533065640000001
-0.15982229600000003,0.131335968,1.0531496580000002
-0.159852173,0.131715378,1.052973671
-0.159923798,0.132163071,1.052743248
-0.16000280800000005,0.13253221099999998,1.05254493
-0.160083252,0.132879379,1.052328705
-0.160160278,0.13323504600000002,1.052129509
-0.16025369300000003,0.133672913,1.0519116210000001
-0.160292023,0.134095642,1.051811356
-0.160459503,0.13445755,1.051479874
-0.16054464699999998,0.134796921,1.05128936
-0.16066571000000002,0.135210312,1.051051125
-0.16080248999999996,0.13560585,1.050794258
-0.16090304600000005,0.13593386799999999,1.0506036300000001
-0.161041412,0.136331924,1.0503651280000001
-0.161156189,0.136757767,1.050177437
-0.16128851300000002,0.13712095600000002,1.0499350280000002
-0.161424805,0.137501602,1.049730698
-0.16153100599999998,0.137797211,1.04954998
-0.16206674199999999,0.139186157,1.048721916
-0.162191284,0.139478577,1.048539421
-0.162317139,0.139789124,1.048373199
-0.162461517,0.140083191,1.0481882710000001
-0.162601257,0.140386276,1.048019966
-0.162761902,0.14076571699999998,1.0478399120000002
-0.162955719,0.14108902,1.047575806
-0.163124512,0.14144018600000002,1.047374649
-0.16328939800000003,0.141819778,1.0472016370000001
-0.16346020499999997,0.142151978,1.04697776
-0.163612213,0.14255775499999998,1.046858513
-0.16378939800000003,0.142891617,1.046653915
-0.16398785400000004,0.143185974,1.046395943
-0.164196106,0.143480011,1.046118538
-0.16437051400000002,0.14385768100000002,1.045985527
-0.164566223,0.144158356,1.045753395
-0.16475,0.144497925,1.045569366
-0.16491534400000002,0.14472612,1.045400177
-0.16510965,0.145044891,1.04520874
-0.16528332499999998,0.14547665399999998,1.0450741350000001
-0.16543591300000005,0.14574769599999998,1.04491993
-0.16562762500000006,0.146048019,1.044739479
-0.16583264200000003,0.14638890100000002,1.0445481030000001
-0.16598321499999996,0.14672995,1.04442028
-0.166145172,0.14709017900000002,1.044257217
-0.166405884,0.14790298500000001,1.0440142970000001
-0.166572357,0.148236465,1.043860016
-0.16663272100000004,0.148513748,1.043799194
-0.16685403400000004,0.148844452,1.043599281
-0.16696212800000004,0.149119553,1.043501511
-0.16717672700000002,0.14943804900000002,1.043299873
-0.167295166,0.14970005800000002,1.043185577
-0.16745336900000002,0.149959229,1.043032593
-0.16758792100000003,0.1502677,1.042899483
-0.16774603300000002,0.150526779,1.042749657
-0.167894836,0.150781433,1.0426078490000001
-0.16794155900000002,0.151078079,1.042547127
-0.16807009900000003,0.15137725800000001,1.0424180600000001
-0.168256531,0.151677597,1.042237984
-0.168351929,0.15192807,1.042141159
-0.16852966300000005,0.152226242,1.0419705430000001
-0.168706238,0.152511032,1.041790001
-0.16894610599999998,0.152803787,1.041564087
-0.16910812399999997,0.153093689,1.0414023970000001
-0.16932150300000004,0.153390335,1.041202438
-0.16946728500000002,0.153672272,1.0410555270000001
-0.16953344700000006,0.153961914,1.040981926
-0.169838928,0.154239014,1.040693832
-0.17000927700000001,0.154531036,1.040529137
-0.170654694,0.15527912900000002,1.039929337
-0.17073480200000002,0.155521713,1.03984864
-0.170780029,0.155763763,1.039799599
-0.17098974600000005,0.156053345,1.039603493
-0.171087769,0.156338486,1.039503899
-0.17119589200000002,0.1565849,1.039402687
-0.171315155,0.156882782,1.0392932590000001
-0.17146051,0.15718780499999999,1.039160866
-0.171522919,0.157484558,1.0390952070000001
-0.17165722699999997,0.157792953,1.038975632
-0.17197143599999998,0.15809198,1.038699432
-0.172032776,0.158377029,1.038644905
-0.172271942,0.158652924,1.038456886
-0.172430054,0.158883514,1.038332855
-0.17259222400000002,0.15914948999999998,1.0381994860000001
-0.17276873799999998,0.15942790199999998,1.038049774
-0.17286746200000003,0.15967984000000002,1.037978287
-0.17298336799999997,0.159966293,1.037877876
-0.17314669800000004,0.160252838,1.037745903
-0.17323873900000003,0.160542404,1.037667366
-0.17345413200000004,0.160836914,1.037504814
-0.173652252,0.161140854,1.037345184
-0.17384948700000002,0.161450928,1.037196075
-0.17387448100000003,0.161870193,1.03721653
-0.174121582,0.163121307,1.03721579
-0.174234985,0.163429352,1.037178604
-0.174318939,0.16374176,1.037156906
-0.17444082600000005,0.164052383,1.0370974880000001
-0.17455481,0.16444229100000002,1.0370594180000001
-0.174759033,0.16474134799999998,1.036935356
-0.17485086100000002,0.165124527,1.036905006
-0.174953552,0.165514679,1.0368738400000002
-0.175013947,0.16585925299999998,1.036855888
-0.17506271400000006,0.166272568,1.036860565
-0.17513818400000003,0.166692535,1.036836029
-0.175131989,0.167104782,1.0368564
-0.17518814099999996,0.16752984599999998,1.036844574
-0.17534149200000004,0.167946075,1.03677137
-0.17537561000000002,0.16829750100000002,1.036768906
-0.17550137300000002,0.168711487,1.0367275390000001
-0.17557601899999997,0.169067459,1.036726227
-0.175641235,0.16948106400000001,1.0367049560000001
-0.17570474200000002,0.169902252,1.0367009280000001
-0.175774292,0.17029512,1.036652061
-0.17582754499999997,0.17065171799999998,1.036654816
-0.17587985200000006,0.171107758,1.036703278
-0.17592364500000002,0.171488281,1.036674889
-0.175981506,0.171881668,1.036651512
-0.17613510100000002,0.173319275,1.0367572630000002
-0.176187286,0.173638199,1.036731606
-0.176274231,0.173887573,1.036588982
-0.17632605,0.174208237,1.0365819170000001
-0.17637728900000005,0.174535446,1.036585342
-0.17643630999999999,0.174851212,1.036558327
-0.176491852,0.175226944,1.036548233
-0.17660025000000001,0.175591003,1.0364606250000001
-0.17662606799999997,0.17596965,1.036486748
-0.17671435500000005,0.17634690900000002,1.0364503250000001
-0.17677886999999998,0.176730392,1.036437675
-0.176880005,0.177092438,1.036388329
-0.17689956699999998,0.17748793000000002,1.0364210280000001
-0.176997711,0.17785562100000002,1.036380241
-0.17706237800000002,0.178160522,1.036360199
-0.177187775,0.178487793,1.036275856
-0.17720913700000002,0.178864883,1.036305183
-0.17715789799999998,0.179326019,1.036416527
-0.17721697999999997,0.17962039200000002,1.0363991240000001
-0.17731085200000002,0.179973358,1.036360519
-0.17739685100000002,0.18026466400000002,1.036323769
-0.17725787400000004,0.18073219299999999,1.036523842
-0.17729092400000002,0.181084015,1.036538948
-0.17733493,0.18144201699999998,1.0365523380000001
-0.17755792200000003,0.18171843000000001,1.0363991700000001
-0.177799133,0.182734375,1.0363248980000002
-0.17791098,0.18302806100000002,1.036273712
-0.17798883100000001,0.18330275000000001,1.0362461010000001
-0.1780177,0.18363932800000002,1.036274429
-0.178129639,0.183965881,1.036226181
-0.17815365600000005,0.18425044299999999,1.0362538300000002
-0.178162598,0.184561188,1.036308792
-0.17821279900000003,0.184931503,1.0363398510000001
-0.17826165800000005,0.18530043000000002,1.036392937
-0.17831762700000003,0.18557692,1.036401138
-0.178386017,0.185907013,1.03641275
-0.178447906,0.186258392,1.0364499360000001
-0.17851559400000006,0.186594894,1.036466888
-0.17860046400000001,0.186854736,1.036384277
-0.17866281099999998,0.18719873,1.0364219510000001
-0.17874661300000005,0.187435928,1.036329361
-0.17881069900000002,0.187776306,1.036367493
-0.178892029,0.188049988,1.036316116
-0.178941711,0.188387161,1.0363875660000001
-0.178999146,0.188685226,1.036416672
-0.17906723000000002,0.18898559599999998,1.036430618
-0.17913681000000004,0.18936937,1.036494507
-0.179206207,0.189673553,1.03651104
-0.179275177,0.18990896599999998,1.036487213
-0.17947827100000002,0.190807098,1.03657077
-0.17955096400000004,0.191108994,1.0365892410000002
-0.17959783900000004,0.191369232,1.036640526
-0.179663116,0.19167086800000002,1.036678551
-0.179752258,0.191927475,1.036637184
-0.17980874600000002,0.19231747400000002,1.036770073
-0.179872192,0.192599854,1.036807709
-0.179983124,0.192826309,1.0366941680000001
-0.18005188,0.193108368,1.036725304
-0.180129822,0.19338206500000002,1.036730339
-0.18020166000000004,0.193672424,1.036767403
-0.180289307,0.193910812,1.036720383
-0.18037573200000007,0.194153183,1.0366817400000001
-0.18046850600000003,0.194363312,1.036602783
-0.18055810500000002,0.194668243,1.0366087880000001
-0.180639526,0.194919174,1.036599388
-0.18069482399999998,0.195255188,1.0367229230000001
-0.180776459,0.19550353999999998,1.036715042
-0.18085702500000006,0.195771713,1.03673423
-0.180941772,0.196024139,1.036731415
-0.181021973,0.196277008,1.036738838
-0.18109634400000002,0.196536621,1.036766708
-0.18120636,0.196764954,1.036687347
-0.18128958100000003,0.197002823,1.036680756
-0.181508881,0.197730545,1.03678334
-0.181589355,0.198008224,1.036834763
-0.18165835600000002,0.198230133,1.03686657
-0.18173776199999997,0.19853912399999998,1.036961357
-0.18182769799999998,0.198761398,1.0369467700000001
-0.18191058299999996,0.199031387,1.036994812
-0.18199469000000001,0.19929070999999998,1.03703315
-0.18207113600000002,0.199595856,1.037138504
-0.18216665599999998,0.19983583100000002,1.037146042
-0.18224826000000005,0.20012915,1.037228737
-0.18233493,0.200378448,1.037263
-0.18242654399999997,0.20059196499999998,1.037251961
-0.182514191,0.20084025600000002,1.037288612
-0.182607056,0.201050781,1.037276115
-0.18271072400000005,0.201361374,1.0373471300000001
-0.182805573,0.20157667499999998,1.037336403
-0.18289346300000003,0.201816208,1.0373680730000001
-0.18302362100000003,0.202049164,1.0373150020000002
-0.18310394300000005,0.20227310199999998,1.037333488
-0.18318978900000005,0.20251001,1.037363632
-0.18328494300000003,0.20274614,1.0373616030000001
-0.18340557899999999,0.202960266,1.037336548
-0.183514191,0.203579315,1.037467453
-0.183635498,0.203747772,1.037431625
-0.183686737,0.203969437,1.037475449
-0.18381555200000005,0.20416989100000002,1.03744381
-0.18386074800000002,0.204393066,1.037490311
-0.18398803700000005,0.204592026,1.037460304
-0.184041931,0.204814026,1.037502892
-0.18410815400000002,0.205064346,1.037555824
-0.184110748,0.205292847,1.0376408160000001
-0.18422824100000001,0.20548011800000002,1.037629822
-0.18428689600000003,0.205688995,1.037676483
-0.18440261800000002,0.205875778,1.037666817
-0.18445877100000002,0.206085312,1.037716812
-0.184639832,0.206245148,1.037647881
-0.184698608,0.206458481,1.037700195
-0.18481646699999998,0.20663853499999998,1.037693176
-0.18487277200000002,0.206838165,1.03774118
-0.184955048,0.207021942,1.037756592
-0.18499844400000004,0.207226944,1.037817642
-0.185220245,0.207348007,1.037706886
-0.18529135100000005,0.207538437,1.03774221
-0.18541247600000005,0.207747116,1.037747208
-0.18548315400000004,0.207939362,1.037783401
-0.18580285600000002,0.20840332,1.037765404
-0.18586611900000005,0.208547287,1.0377873610000001
-0.18604446400000002,0.208655914,1.037709351
-0.18615155,0.20881449900000001,1.037707588
-0.18623013300000002,0.209027145,1.037754478
-0.18627536,0.209239868,1.037809746
-0.18630426,0.20944984400000002,1.037862862
-0.18635644500000004,0.209641251,1.037884575
-0.186377136,0.20984935,1.0379316410000001
-0.18645376599999997,0.210034012,1.037930237
-0.18649639900000003,0.21023103299999998,1.037956253
-0.186580688,0.210441559,1.037953056
-0.18661437999999997,0.210641129,1.037989944
-0.18665338100000006,0.210841644,1.038024498
-0.18671121200000002,0.211033783,1.038042168
-0.18677066000000003,0.211221588,1.038059471
-0.18674765000000004,0.211453247,1.038154449
-0.18686560100000005,0.21166871599999998,1.038136299
-0.18688696300000002,0.211845062,1.038176979
-0.18695443699999997,0.212062759,1.0381921920000001
-0.18699908399999998,0.212274948,1.0382276080000001
-0.187043854,0.212438278,1.038216019
-0.18707501200000004,0.212666473,1.038283791
-0.187213715,0.213229233,1.038300186
-0.18726336700000001,0.21340457200000001,1.0383008040000001
-0.18730813600000001,0.213667496,1.0384273450000001
-0.18735354599999998,0.213794373,1.038349617
-0.18740280200000003,0.214017776,1.038393166
-0.18744433600000004,0.21420782500000002,1.0384292370000001
-0.18749032599999998,0.214353424,1.038392357
-0.187527924,0.21456514000000002,1.038473351
-0.18757925400000003,0.214765762,1.038492233
-0.187621765,0.21495324700000001,1.038536285
-0.18766510000000003,0.215115707,1.0385429
-0.18769482399999998,0.215332642,1.038670425
-0.18773657200000005,0.215521164,1.0387130740000001
-0.18778064,0.215740036,1.0388058930000001
-0.18782360799999998,0.215911926,1.038837837
-0.18786596700000002,0.21609082000000002,1.038886276
-0.18790725700000005,0.216232712,1.038881905
-0.18795065300000002,0.216411713,1.038939384
-0.187997925,0.21657431,1.038944565
-0.18803854400000003,0.216737717,1.038991905
-0.18807724000000003,0.216863068,1.038988365
-0.188224487,0.217441101,1.0392057110000001
-0.188256378,0.21755275000000002,1.039226265
-0.188292664,0.21766403199999998,1.039244209
-0.188343353,0.21786488299999998,1.039373764
-0.18838559,0.218008545,1.039420067
-0.18842468300000004,0.21812219200000002,1.039431755
-0.18846286,0.218245636,1.039462402
-0.18850247200000003,0.21833618200000002,1.0394415970000002
-0.18854833999999998,0.218456573,1.039458878
-0.18858953900000003,0.21856178299999998,1.039462173
-0.18863784800000005,0.218704056,1.039516289
-0.18867306500000003,0.218783752,1.039510612
-0.18872345000000001,0.21892155500000002,1.039558083
-0.18876513699999997,0.219016129,1.039555405
-0.18880566399999998,0.219102341,1.0395493550000001
-0.18884777800000002,0.219194839,1.039550873
-0.18888696300000002,0.219308548,1.039603073
-0.188922302,0.21933213799999998,1.039525764
-0.18895455900000002,0.219444397,1.039597672
-0.18899578900000003,0.21953822299999998,1.039614349
-0.189028168,0.21959146100000002,1.039595169
-0.189066193,0.219632202,1.039530922
-0.189107574,0.21972842399999998,1.039564079
-0.18914291400000005,0.219795547,1.039570457
-0.18928533900000005,0.220058578,1.039625366
-0.18932354700000004,0.220128296,1.0396414790000001
-0.189368103,0.220214294,1.039673294
-0.18940988199999997,0.220284225,1.039691673
-0.189457031,0.220373596,1.039732323
-0.189502075,0.22044101,1.0397413180000001
-0.189545197,0.22048436000000002,1.039717178
-0.18959231599999998,0.220547623,1.03972168
-0.18965139799999997,0.220643967,1.039764908
-0.18969854700000005,0.220700958,1.039765724
-0.18974902300000002,0.220785812,1.039812561
-0.18979895000000002,0.22083223000000002,1.039794434
-0.18985427900000001,0.220919647,1.039840919
-0.18989471400000002,0.22096109000000003,1.039838638
-0.189958344,0.221052582,1.0398887860000001
-0.190007111,0.221098099,1.039887833
-0.19006420900000004,0.221176849,1.03993187
-0.190114899,0.221222275,1.039933128
-0.1901698,0.221290787,1.0399725880000001
-0.190219452,0.22132763700000002,1.039970612
-0.19027682499999998,0.22139878799999999,1.040016617
-0.19032901000000002,0.22143618799999998,1.0400138780000001
-0.19039050300000004,0.22152972399999998,1.040111465
-0.19058731100000004,0.221646423,1.040087669
-0.19064431800000003,0.22162616,1.039980103
-0.190686493,0.221658844,1.0400285950000001
-0.190748657,0.22171945199999998,1.040054985
-0.19079711900000002,0.221741501,1.040068382
-0.19087561000000003,0.22185375999999998,1.0401565400000001
-0.19094665500000002,0.221934937,1.040212265
-0.19099453699999996,0.222004303,1.040291138
-0.19106146200000002,0.222026611,1.040281303
-0.191131714,0.22208081100000002,1.0403237840000001
-0.191207275,0.22209214800000002,1.040299469
-0.191260712,0.22211488299999999,1.0403236470000001
-0.191329254,0.222107971,1.040268951
-0.19138974000000003,0.222154083,1.04032872
-0.19145593300000002,0.222186981,1.040357658
-0.191535034,0.222270081,1.0404737320000002
-0.191602936,0.22227639800000001,1.0404570770000001
-0.191672821,0.222308502,1.040487556
-0.191750763,0.222348831,1.040541679
-0.191832581,0.22242416399999998,1.040633698
-0.19189892600000003,0.222426468,1.040628944
-0.19197934,0.222461349,1.0406589050000001
-0.19205307,0.222510422,1.040732605
-0.19225689699999998,0.22256956500000002,1.0408231510000001
-0.192326141,0.222649384,1.040950729
-0.192390289,0.222672806,1.04098774
-0.192461121,0.222647812,1.040947212
-0.19252554300000002,0.222577652,1.0408371730000001
-0.19260937500000003,0.22258668499999998,1.040830017
-0.19268954500000002,0.222608246,1.040868256
-0.192773376,0.222612549,1.040860901
-0.19285055499999998,0.222642136,1.040940216
-0.192927368,0.22261045799999998,1.040883209
-0.19300875900000003,0.222619461,1.040911697
-0.193087799,0.222612823,1.040915634
-0.193169464,0.222618301,1.040940849
-0.19325189200000004,0.222613373,1.04094957
-0.19332510400000003,0.222623825,1.040976021
-0.19340985100000002,0.22261755400000002,1.040982193
-0.19350961300000002,0.222627457,1.041022621
-0.193595032,0.222654846,1.041099167
-0.19367041000000002,0.22260206600000002,1.041057693
-0.193735657,0.222513657,1.040968971
-0.19382678199999998,0.222515793,1.040995285
-0.193911255,0.222491394,1.040986626
-0.19400476100000003,0.222496292,1.04101902
-0.19406936600000002,0.222435532,1.040951996
-0.19428195199999998,0.222432938,1.041027771
-0.19433902000000003,0.222347641,1.040942902
-0.19442990100000002,0.22233895899999997,1.040967224
-0.19453363,0.222372589,1.041048355
-0.194607849,0.222331573,1.041018288
-0.19469732700000003,0.22229602099999998,1.0410089040000001
-0.194797516,0.222290298,1.041036018
-0.19487822,0.22219215399999998,1.040929169
-0.19499339300000001,0.222176346,1.040955078
-0.195086441,0.222135818,1.0409410860000001
-0.195187469,0.22212289400000002,1.040965912
-0.195281631,0.22207948300000002,1.04094883
-0.19539103700000005,0.22209536700000002,1.041014778
-0.19549400300000003,0.222144196,1.041114601
-0.19557196,0.222026001,1.041003624
-0.195670044,0.221986145,1.040999245
-0.19578225700000002,0.22192065400000002,1.040965088
-0.19591539000000002,0.222017609,1.041153061
-0.19600050400000002,0.22192785599999998,1.041092957
-0.196102249,0.22187359599999998,1.04106749
-0.196199707,0.22179348799999998,1.041006187
-0.19630767800000004,0.221768967,1.041034782
-0.19641133100000002,0.221723221,1.041025246
-0.196727524,0.221557709,1.040952766
-0.19682280000000002,0.22154063400000001,1.040975899
-0.196924942,0.221551956,1.041043747
-0.19702107200000002,0.22145420799999999,1.040972198
-0.19713484199999998,0.22141236900000003,1.040969566
-0.197252594,0.221388443,1.040995346
-0.19736398300000002,0.221328033,1.040967476
-0.19748310900000005,0.22130162,1.0409896090000001
-0.19759558100000002,0.22124156199999997,1.040965927
-0.197717865,0.221216095,1.040988411
-0.197834656,0.221168503,1.0409854200000002
-0.19798748800000004,0.22117503400000002,1.0410713120000001
-0.19812912,0.221216354,1.041190475
-0.19826950100000001,0.22117981,1.041160858
-0.19834374999999999,0.221066299,1.041150558
-0.198467819,0.22098822,1.041157936
-0.198601501,0.220908813,1.0410678180000001
-0.198715103,0.220869705,1.041115921
-0.19883099400000004,0.22080624399999998,1.041106918
-0.19897312900000003,0.22080064400000002,1.041158722
-0.19910620099999998,0.220702484,1.041116341
-0.199239471,0.220665741,1.041132446
-0.19935386700000002,0.220553833,1.041044952
-0.19949214200000004,0.22054075599999998,1.041100708
-0.199896896,0.220418015,1.041149002
-0.200032333,0.220372086,1.041160637
-0.200177414,0.220350555,1.041196609
-0.200304626,0.220266022,1.041153687
-0.20042717,0.220138565,1.0410429380000001
-0.200563614,0.220090805,1.0410562970000001
-0.20069709800000002,0.220014511,1.041025452
-0.200848312,0.220007828,1.041093513
-0.20097930900000002,0.219896866,1.041006699
-0.201121658,0.219853638,1.041026352
-0.201254074,0.21977281199999998,1.040995453
-0.20140521200000003,0.21975618,1.0410514450000001
-0.201556595,0.219732437,1.0410968170000001
-0.201704254,0.21968275499999998,1.0411064220000001
-0.201845291,0.21960257,1.041074356
-0.201994003,0.219552353,1.041084503
-0.202135696,0.21947306800000002,1.041056252
-0.202286331,0.219423508,1.041068428
-0.202429749,0.219341873,1.041036697
-0.20258139,0.21928959699999998,1.041045837
-0.202726105,0.21920715300000002,1.041015137
-0.202906693,0.21914973399999998,1.041030632
-0.203060379,0.219187195,1.041141907
-0.203409576,0.21901579300000001,1.041109848
-0.203520706,0.218898331,1.041013298
-0.203675323,0.218822968,1.0409969940000001
-0.20383056600000002,0.218750809,1.040979118
-0.20397363300000002,0.218739548,1.041037613
-0.204124924,0.21865062,1.041002663
-0.20430256700000002,0.218659286,1.041100769
-0.20445718400000001,0.218570557,1.041063408
-0.204632614,0.21856517,1.041145706
-0.20478970300000002,0.21847723400000002,1.0411091160000001
-0.204954407,0.218416428,1.041110718
-0.20511235,0.218330307,1.041081902
-0.20523774700000003,0.218227753,1.041015953
-0.20542431600000002,0.218232407,1.041108635
-0.205623718,0.218170074,1.041124374
-0.205766479,0.218015335,1.04100489
-0.205936172,0.217952652,1.041005966
-0.206098511,0.217860153,1.040969124
-0.20627230800000002,0.217802368,1.040976379
-0.206420715,0.21765267900000002,1.040862114
-0.206601639,0.217606674,1.040882286
-0.206765305,0.21749485799999999,1.0408108980000002
-0.206979416,0.21745233200000003,1.040853867
-0.207452057,0.217167679,1.0407314380000001
-0.20763069200000003,0.21709936500000002,1.04072921
-0.20778939800000001,0.217071777,1.040765533
-0.207978363,0.217055634,1.040846306
-0.20815925600000001,0.21697293099999998,1.0408189700000001
-0.208340408,0.216908234,1.040820572
-0.208532196,0.216859161,1.040840103
-0.20871553,0.216784561,1.040829002
-0.208893677,0.21669512900000001,1.040801071
-0.20908129900000003,0.216626526,1.0407943800000001
-0.209290741,0.216515549,1.0407472690000001
-0.20947900400000002,0.21643927,1.040729607
-0.20966226200000002,0.216343384,1.040686905
-0.209851791,0.216270325,1.040679237
-0.210036331,0.216183762,1.040656891
-0.21022753900000002,0.21610862700000003,1.040643028
-0.210413223,0.21601998900000002,1.040615921
-0.21060760500000003,0.21594931,1.040610634
-0.21075556900000003,0.215843002,1.04054171
-0.21092546100000004,0.215806015,1.0405655820000002
-0.211114777,0.215712173,1.0405257030000001
-0.211311676,0.21564117400000002,1.040519897
-0.21153135700000003,0.215519714,1.040457253
-0.21212999,0.21529563899999998,1.0404242780000001
-0.21227558900000001,0.21516447400000002,1.0403183520000001
-0.21247506700000002,0.215074615,1.040288544
-0.21264396700000002,0.215009003,1.040271568
-0.212847214,0.21493225100000002,1.04025721
-0.213072037,0.214927917,1.040338577
-0.21323869300000003,0.21476036099999998,1.040230247
-0.213447922,0.214675873,1.0402043
-0.213656097,0.21459088099999998,1.0401861650000002
-0.213891556,0.21447879,1.040140381
-0.2140784,0.21432872,1.040019127
-0.214309723,0.21431071499999998,1.0400723950000001
-0.214474136,0.214109695,1.039935448
-0.214686874,0.214029266,1.039905922
-0.214949509,0.213969513,1.039906738
-0.21513649,0.213817657,1.0398041150000001
-0.215352005,0.213747559,1.039793365
-0.215559128,0.213643677,1.039739326
-0.21577169799999998,0.213559113,1.039715668
-0.216016907,0.213440338,1.039658798
-0.21623471100000002,0.21336454800000001,1.0396452330000001
-0.216445541,0.21325735499999998,1.039588448
-0.216680481,0.213093292,1.039473877
-0.217368057,0.212793945,1.039344902
-0.21757846100000003,0.212669647,1.039266708
-0.21776336699999999,0.21259935,1.039244675
-0.217943939,0.212510254,1.039197968
-0.218133652,0.212324142,1.039048149
-0.21836163300000003,0.212242188,1.039022774
-0.21858021500000002,0.212136658,1.0389685210000001
-0.21881034900000002,0.212058014,1.03894632
-0.21903050200000002,0.211951065,1.038889236
-0.21926266500000002,0.211873505,1.03886805
-0.219483688,0.21176582300000002,1.03881118
-0.21971666,0.211690674,1.038793129
-0.219952423,0.21162249800000002,1.038785683
-0.22017555200000002,0.211508316,1.03871627
-0.22041151400000003,0.21143251000000002,1.038697067
-0.220704636,0.211396439,1.0387405170000001
-0.22093374600000001,0.211296249,1.038691948
-0.221171539,0.21121374499999998,1.038660065
-0.22140184000000002,0.211105515,1.0385968780000001
-0.22164296,0.211028915,1.038574951
-0.221836044,0.210939514,1.038521996
-0.22203256200000002,0.210856064,1.038479332
-0.22226716600000002,0.210756775,1.038424889
-0.222472504,0.21056106600000002,1.038248604
-0.22271727000000002,0.210487701,1.0382300260000001
-0.223447906,0.210228683,1.038116829
-0.22364813200000003,0.21014860500000002,1.03807695
-0.22389666700000002,0.210066696,1.038040581
-0.224141449,0.20997132899999998,1.037987946
-0.224446915,0.209919083,1.0380032350000001
-0.224686569,0.20980934099999998,1.037935753
-0.224941116,0.209737595,1.037910973
-0.22514234900000002,0.209646637,1.037854378
-0.225397247,0.20957008400000002,1.037821968
-0.225670334,0.209427521,1.037735847
-0.22591764800000003,0.209319366,1.037662781
-0.22616217000000002,0.209212097,1.0375986400000001
-0.22642143200000003,0.209138657,1.037570023
-0.226658371,0.20899783300000002,1.037460762
-0.226917557,0.208919006,1.03742498
-0.227168625,0.20881968699999998,1.037365501
-0.22747142,0.20872456399999997,1.037318985
-0.22772256500000002,0.208620636,1.037252121
-0.22798693800000003,0.208547333,1.0372200390000001
-0.22828154,0.20842129499999998,1.037134827
-0.22852865600000002,0.20829887400000002,1.037045212
-0.228783951,0.20819340500000003,1.0369731290000002
-0.229541031,0.20799208100000002,1.036884109
-0.229755814,0.20791618299999998,1.03684584
-0.230000168,0.207762299,1.0367126850000001
-0.23025842300000002,0.20765867600000001,1.036643486
-0.230528839,0.207588043,1.03661216
-0.23077491800000002,0.207444885,1.036494888
-0.231041824,0.207370819,1.0364622270000001
-0.231323807,0.207321213,1.0364526520000001
-0.23159353600000002,0.207239655,1.036404938
-0.231843842,0.207099747,1.036287819
-0.23212335200000003,0.20703413399999998,1.0362550430000002
-0.232387329,0.206936035,1.036191338
-0.23264758300000002,0.206824432,1.0361092680000001
-0.232895187,0.206667145,1.035969284
-0.23317401100000001,0.206599609,1.0359351730000002
-0.233484024,0.206475739,1.0358431240000001
-0.233720444,0.206286545,1.035666496
-0.23395738200000002,0.20624426299999998,1.035656273
-0.23423248300000002,0.206152054,1.0355827560000002
-0.234566254,0.206102066,1.035589165
-0.234823456,0.20595280500000002,1.035448807
-0.235143387,0.20585266100000002,1.035382378
-0.23542109700000002,0.205770676,1.035329124
-0.235645981,0.205682571,1.035261497
-0.23652221700000003,0.205536575,1.035216316
-0.236801865,0.20544528199999998,1.0351460190000001
-0.23703399700000002,0.205368088,1.035084496
-0.23736177100000003,0.205266922,1.035009781
-0.237652054,0.205203644,1.03497113
-0.23791688500000002,0.20506781000000002,1.034848236
-0.238211731,0.205006744,1.0348085630000001
-0.238492523,0.204914032,1.034735855
-0.23876480100000003,0.20480140700000002,1.034639824
-0.239045547,0.204702621,1.0345565110000001
-0.23929837,0.204672409,1.034546028
-0.23959042400000002,0.20459967,1.034490509
-0.239872223,0.204495651,1.034398315
-0.240132095,0.20433725,1.034242691
-0.24042718500000002,0.204272461,1.034196579
-0.240712097,0.204178467,1.034117432
-0.241010223,0.204117325,1.034073288
-0.24125045800000003,0.20404039000000002,1.034004486
-0.24154483,0.20397000099999998,1.0339501420000001
-0.241784012,0.20389312699999998,1.033882065
-0.24208215300000002,0.203828918,1.033833221
-0.24234202600000002,0.203802155,1.033820236
-0.24258783,0.20373829699999998,1.03376693
-0.24290242,0.203713669,1.033762039
-0.243691895,0.20351174900000002,1.033588417
-0.24394397,0.20345129399999998,1.033533577
-0.24421942100000002,0.203319885,1.033404961
-0.244512512,0.203229782,1.033321846
-0.244818253,0.203171341,1.03327198
-0.24506565900000002,0.203099884,1.033202263
-0.245364563,0.203023682,1.0331325
-0.24561158800000002,0.20294873000000002,1.033059738
-0.245922256,0.20290116900000002,1.033021149
-0.246228851,0.202838791,1.032963028
-0.24653645300000002,0.202773804,1.032899681
-0.24683429,0.20268779,1.032815727
-0.24715274,0.20265794399999998,1.032794189
-0.247412537,0.20260368299999998,1.0327383190000001
-0.247673264,0.20256102,1.0326982500000002
-0.24798590100000004,0.202513031,1.032657089
-0.24829901100000001,0.20245675700000001,1.03259964
-0.248547272,0.202382446,1.032524834
-0.24885569800000001,0.202311005,1.032449127
-0.249201096,0.202321686,1.032459824
-0.24953595000000003,0.202177444,1.032302765
-0.249770142,0.202031784,1.032130997
-0.25009108,0.20201591500000002,1.032124969
-0.25041313200000004,0.201971436,1.032077095
-0.250721069,0.201894455,1.0319916
-0.2514702,0.20179435699999998,1.031881065
-0.251748123,0.201769775,1.0318447880000001
-0.252009064,0.20172392300000003,1.031800522
-0.252312988,0.201627472,1.031686935
-0.252625031,0.201557861,1.031605522
-0.252949081,0.20151152,1.03155027
-0.253245438,0.201398514,1.031419228
-0.253555023,0.201320068,1.0313269200000001
-0.25388446,0.20128611799999999,1.031280052
-0.25421023600000003,0.201241348,1.031222687
-0.254522079,0.201165634,1.031132721
-0.254849396,0.20112175,1.031074989
-0.255162048,0.20104513499999999,1.03098214
-0.25549050900000003,0.201005936,1.030927505
-0.25577647400000003,0.200863083,1.0307617340000002
-0.25611286899999997,0.20083685299999998,1.03071936
-0.256420502,0.200742065,1.030603333
-0.256748428,0.200691925,1.0305317840000001
-0.25706962600000005,0.20063064600000002,1.030451218
-0.257357559,0.20062085,1.030423569
-0.257675522,0.2005504,1.03033139
-0.25806317100000004,0.200506241,1.030262016
-0.258388321,0.200452362,1.0301854320000001
-0.258777283,0.200410599,1.030116646
-0.259686035,0.20022555500000003,1.029861748
-0.25991442900000006,0.200086929,1.0297020110000001
-0.260262054,0.20006948900000002,1.029651695
-0.260601013,0.200023163,1.029574867
-0.26092456100000005,0.199961411,1.029482155
-0.26120488,0.199929932,1.0294272610000001
-0.261539047,0.199884903,1.0293495860000001
-0.261820694,0.19985849,1.029297775
-0.262099075,0.199822906,1.029232368
-0.26243362400000003,0.199781464,1.02916008
-0.262782364,0.19977298,1.029121819
-0.263099686,0.19981927500000002,1.029136436
-0.263374313,0.199779388,1.0290718460000001
-0.263658875,0.19975718699999997,1.029020729
-0.26399733000000003,0.19972438,1.0289531250000001
-0.264224106,0.199579071,1.028777473
-0.264550415,0.19950805700000002,1.0286617660000001
-0.264958466,0.19949487300000002,1.028604248
-0.26529829400000005,0.199462891,1.02853405
-0.265639999,0.19943054200000002,1.028459602
-0.265919754,0.199389893,1.028382889
-0.26630802900000006,0.19933219900000002,1.028275414
-0.266643036,0.19928395100000001,1.028182793
-0.267744125,0.19922229,1.027978317
-0.268081024,0.199174164,1.0278822170000002
-0.268361038,0.19913089,1.0277969740000001
-0.268604843,0.199016632,1.027644791
-0.26894455,0.198984253,1.0275660020000001
-0.269234711,0.19896951300000001,1.027512283
-0.26961749300000004,0.199020233,1.027513023
-0.269946289,0.198956345,1.027398552
-0.270250137,0.198968109,1.027366821
-0.27059477200000004,0.19893954500000002,1.027287048
-0.270945969,0.198925919,1.027221161
-0.271281586,0.198875015,1.027116936
-0.271575638,0.198864716,1.027061577
-0.271920883,0.19883526599999998,1.0269743580000001
-0.272281113,0.198838501,1.026922485
-0.272609512,0.198769272,1.026792755
-0.272963364,0.198759644,1.026724655
-0.273302231,0.198715057,1.026620384
-0.273596466,0.198705658,1.026561287
-0.27392889400000003,0.198654449,1.026454292
-0.274284882,0.198634003,1.02636277
-0.274636475,0.198622498,1.026292274
-0.274992966,0.198617233,1.026223732
-0.27532583600000005,0.198558731,1.0261007610000001
-0.275683136,0.198553696,1.026030487
-0.276550415,0.198351456,1.025647438
-0.276917023,0.198350983,1.025574142
-0.277181915,0.198284088,1.0254546660000001
-0.27754846200000005,0.198286316,1.025379745
-0.27788458299999996,0.198238739,1.0252640530000001
-0.278240555,0.198227112,1.025178474
-0.278578079,0.198174484,1.025052002
-0.278929718,0.198158051,1.0249628370000001
-0.279196686,0.19808551,1.024825439
-0.27956413300000005,0.198101181,1.024768501
-0.279899002,0.19804895,1.024641632
-0.280276611,0.19808668499999998,1.0246016310000001
-0.280624741,0.198054443,1.024487892
-0.280989243,0.198062729,1.024417023
-0.2813564,0.198077698,1.024350967
-0.281740707,0.198124619,1.02431472
-0.282084625,0.198091446,1.024201645
-0.282446518,0.198105606,1.02414212
-0.282787277,0.198069321,1.024028297
-0.283087784,0.198074173,1.0239681470000002
-0.283435471,0.198048111,1.023859512
-0.283801788,0.198060379,1.023785629
-0.284093079,0.198040268,1.02369397
-0.28445779400000004,0.19804898099999999,1.023615585
-0.284819031,0.198047089,1.023523849
-0.285738449,0.198087021,1.0233393020000001
-0.286091812,0.19807165499999999,1.023233597
-0.28635498000000004,0.19798432900000001,1.023069122
-0.28673971600000003,0.198065506,1.0230602420000001
-0.287050278,0.19808547999999998,1.023000519
-0.287396164,0.19804333500000001,1.022862495
-0.287722107,0.197946976,1.022671173
-0.288075974,0.197941742,1.022561485
-0.288452637,0.197981735,1.02250705
-0.288746902,0.197958923,1.022403687
-0.289099075,0.197942825,1.022293625
-0.28945343,0.197929047,1.022183281
-0.289825516,0.197955185,1.022108925
-0.29017337,0.197921921,1.021977425
-0.290556351,0.197969452,1.021920975
-0.290929382,0.197989563,1.0218373410000001
-0.29129283100000003,0.197997131,1.021742554
-0.291650757,0.197990051,1.021631119
-0.292033295,0.19804672199999998,1.021579292
-0.29239146400000005,0.19804982000000002,1.021474609
-0.292739105,0.198026993,1.0213429950000001
-0.293096542,0.19802792400000002,1.021235764
-0.29340606700000005,0.19805329900000002,1.021168686
-0.294363831,0.19806353799999998,1.020878471
-0.294666687,0.198076782,1.020797409
-0.29504187000000004,0.198115448,1.02072036
-0.29533609000000005,0.198104095,1.0206131360000001
-0.29570663500000005,0.198135376,1.020528625
-0.296071259,0.198146637,1.020420372
-0.29650479100000005,0.198178192,1.0203116460000001
-0.296877243,0.19821379099999997,1.020227875
-0.29719606,0.198259674,1.02017128
-0.297604843,0.198363617,1.020147041
-0.297965256,0.198373688,1.020034668
-0.298343384,0.198417099,1.01995343
-0.298705429,0.19843081699999998,1.01984256
-0.299018799,0.198468323,1.019775993
-0.299337677,0.19851570100000002,1.019715881
-0.29965419000000004,0.198556335,1.019648743
-0.2999702,0.19859780900000001,1.019581329
-0.300316681,0.198711929,1.01958754
-0.300628342,0.19874707,1.019510612
-0.301005875,0.19879808,1.019431763
-0.301359039,0.198797867,1.0193014980000001
-0.301737137,0.19885022,1.019221687
-0.302099243,0.198867386,1.019106255
-0.30241423,0.198911697,1.019039474
-0.302780472,0.198937241,1.018930519
-0.303930466,0.199141022,1.0187167590000001
-0.304234283,0.199160706,1.018621315
-0.304522873,0.199153839,1.0185022350000001
-0.30487706000000003,0.19928256200000002,1.018508575
-0.305261703,0.19934837300000002,1.0184308850000001
-0.30562974500000006,0.199382324,1.0183230060000001
-0.306002121,0.199429749,1.018227798
-0.30636390700000005,0.19945607,1.018112732
-0.30674513200000003,0.199520996,1.018032219
-0.307071472,0.199482773,1.017856422
-0.307386917,0.199534348,1.0177860570000001
-0.30775413500000004,0.199573303,1.017679268
-0.308125839,0.199625885,1.0175835800000002
-0.30848996,0.19965815699999998,1.017466995
-0.30889385999999996,0.199773483,1.0174272
-0.30923570300000003,0.199762131,1.0172689510000001
-0.309554977,0.199823761,1.0172014010000001
-0.309964539,0.19995086699999998,1.017168098
-0.310332306,0.19999409499999998,1.017059349
-0.310640808,0.200036606,1.016971375
-0.311021362,0.200110199,1.0168881760000001
-0.31135141,0.200085983,1.016711342
-0.311731659,0.200160461,1.016627594
-0.312035889,0.20019631999999998,1.016530746
-0.313214813,0.200395828,1.0162200160000001
-0.313462204,0.200433151,1.016148651
-0.31377735900000003,0.20049609399999999,1.0160752560000001
-0.314133286,0.20064558400000002,1.0160823140000002
-0.31453949000000003,0.200764374,1.016028793
-0.31487371799999997,0.200862427,1.0159837950000001
-0.315198547,0.20094073499999998,1.015925659
-0.315585083,0.201030777,1.015842171
-0.31598317,0.201145218,1.015785149
-0.316419083,0.201323975,1.015786659
-0.316717041,0.20135737599999998,1.015679497
-0.317114532,0.201473099,1.0156189580000001
-0.317467117,0.20150174,1.015480186
-0.317831238,0.20155479399999998,1.015362625
-0.318149994,0.201630524,1.015292496
-0.318518494,0.201693298,1.015182266
-0.318832153,0.201761826,1.015104248
-0.319198608,0.201820618,1.014987152
-0.31958168,0.201915955,1.014903595
-0.319885864,0.201965958,1.014804733
-0.320146332,0.201924622,1.0146223140000001
-0.32052600100000006,0.202025665,1.014543739
-0.320827179,0.202075287,1.014442734
-0.32120474200000004,0.202160339,1.014346939
-0.321573669,0.202235611,1.014238777
-0.32255030100000004,0.2024198,1.013931702
-0.322854668,0.202478577,1.013837059
-0.32321611,0.20254930100000001,1.0137224580000002
-0.32351720400000006,0.202597473,1.013617004
-0.32393622600000005,0.202769806,1.013592239
-0.324313377,0.202866943,1.013498268
-0.324678642,0.20293772899999998,1.013379921
-0.325034599,0.20304208399999998,1.013286659
-0.32516362,0.203210983,1.013236969
-0.325110992,0.203566803,1.013256813
-0.325104607,0.203710846,1.0132379
-0.325080841,0.203696655,1.0132488400000002
-0.325045654,0.203688934,1.013265968
-0.32503846000000003,0.203673996,1.013255089
-0.325009041,0.203678528,1.013266655
-0.324993774,0.203671875,1.013262947
-0.32497158800000003,0.203667297,1.0132647860000001
-0.324966591,0.203647842,1.013246994
-0.32490039800000003,0.203698059,1.013296768
-0.32485778,0.203722351,1.013321533
-0.324793907,0.203760559,1.013362343
-0.324722168,0.20381073,1.0134161830000001
-0.32470336200000005,0.203833359,1.013417953
