q0,q1,q2,q3,q4,q5
0.0,0.0,0.0,0.0,0.0,0.0
0.004,0.004,-0.004,-0.004,-0.004,0.004
0.008,0.008,-0.008,-0.008,-0.008,0.0
0.012,0.012,-0.012,-0.012,-0.012,-0.004
0.016,0.016,-0.016,-0.016,-0.016,-0.008
0.020000001,0.020000001,-0.020000001,-0.020000001,-0.020000001,-0.012
0.024000002,0.024000002,-0.024000002,-0.024000002,-0.024000002,-0.016
0.028000003,0.028000003,-0.028000003,-0.028000003,-0.028000003,-0.020000001
0.032,0.032,-0.032,-0.032,-0.032,-0.024000002
0.036000002,0.036000002,-0.036000002,-0.036000002,-0.036000002,-0.028000003
0.040000003,0.040000003,-0.040000003,-0.040000003,-0.040000003,-0.032
0.044000003,0.044000003,-0.044000003,-0.044000003,-0.044000003,-0.036000002
0.048000004,0.048000004,-0.048000004,-0.048000004,-0.048000004,-0.040000003
0.052000005,0.052000005,-0.052000005,-0.052000005,-0.052000005,-0.036000002
0.056000005,0.056000005,-0.056000005,-0.056000005,-0.056000005,-0.037657995
0.060000006,0.060000006,-0.060000006,-0.060000006,-0.060000006,-0.033954836
0.064,0.05966642,-0.064,-0.064,-0.064,-0.030435918
0.068,0.05566642,-0.068,-0.068,-0.068,-0.026435917
0.072000004,0.05166642,-0.072000004,-0.072000004,-0.072000004,-0.02534457
0.076000005,0.04766642,-0.076000005,-0.076000005,-0.076000005,-0.024915993
0.080000006,0.05166642,-0.080000006,-0.080000006,-0.080000006,-0.028915994
0.08400001,0.049354207,-0.08400001,-0.08400001,-0.08400001,-0.024915993
0.08800001,0.053354207,-0.08800001,-0.08800001,-0.08800001,-0.028915994
0.09200001,0.057354208,-0.09200001,-0.09200001,-0.09200001,-0.032915995
0.09600001,0.06135421,-0.09600001,-0.09600001,-0.09600001,-0.036915995
0.10000001,0.065354206,-0.10000001,-0.10000001,-0.10000001,-0.032915995
0.10400001,0.06935421,-0.10400001,-0.10400001,-0.10400001,-0.031584363
0.10800001,0.07335421,-0.10800001,-0.10800001,-0.10800001,-0.032177296
0.11200001,0.07735421,-0.11200001,-0.11200001,-0.11200001,-0.028177295
0.11600001,0.08135421,-0.11600001,-0.11600001,-0.11600001,-0.024177294
0.12000001,0.082823746,-0.12000001,-0.12000001,-0.12000001,-0.023024026
0.12400001,0.078823745,-0.12400001,-0.12400001,-0.12400001,-0.019024026
0.128,0.074823745,-0.128,-0.128,-0.128,-0.015024025
0.132,0.07844206,-0.132,-0.132,-0.132,-0.016599303
0.13599999,0.08244206,-0.13599999,-0.13599999,-0.13599999,-0.020599304
0.13999999,0.08644206,-0.13999999,-0.13999999,-0.13999999,-0.024599304
0.14399998,0.09044206,-0.14399998,-0.14399998,-0.14399998,-0.020599304
0.14799997,0.09444206,-0.14799997,-0.14799997,-0.14799997,-0.021910226
0.15199997,0.09844206,-0.15199997,-0.15199997,-0.15199997,-0.021098388
0.15599996,0.10244206,-0.15599996,-0.15599996,-0.15599996,-0.01972281
0.15999995,0.106442064,-0.15999995,-0.15999995,-0.15999995,-0.018328948
0.16399994,0.10927359,-0.16399994,-0.16399994,-0.16399994,-0.016798101
0.16407418,0.10527359,-0.16799994,-0.16799994,-0.16799994,-0.012798101
0.16807418,0.10927359,-0.17199993,-0.17199993,-0.17199993,-0.016798101
0.16407418,0.10906839,-0.17599992,-0.17599992,-0.17599992,-0.014125982
0.16007419,0.113068394,-0.17999992,-0.17999992,-0.17999992,-0.016849795
0.1560742,0.11585664,-0.18399991,-0.18399991,-0.18399991,-0.014861347
0.1520742,0.11985664,-0.1879999,-0.1879999,-0.1879999,-0.017890846
0.14807421,0.12385664,-0.1919999,-0.1919999,-0.1919999,-0.014619576
0.14407422,0.12785664,-0.1879999,-0.19599989,-0.19599989,-0.0156186465
0.14007422,0.1271795,-0.18399991,-0.19999988,-0.19999988,-0.013657636
0.13607423,0.123979725,-0.17999992,-0.20399988,-0.20399988,-0.011818091
0.13321923,0.119979724,-0.17599992,-0.20799987,-0.20799987,-0.010100874
0.13421147,0.11597972,-0.17952454,-0.21199986,-0.21199986,-0.011266461
0.13134955,0.11972801,-0.17552455,-0.21599986,-0.20986278,-0.015266461
0.12892914,0.12372801,-0.17152455,-0.21999985,-0.20586279,-0.019266462
0.12492914,0.127728,-0.16752456,-0.22399984,-0.2018628,-0.023266463
0.12092914,0.131728,-0.16352457,-0.22799984,-0.1978628,-0.026750034
0.12258978,0.127728,-0.16752456,-0.23199983,-0.2018628,-0.022750033
0.11858978,0.123728,-0.16352457,-0.23599982,-0.20586279,-0.018750032
0.118999295,0.119728,-0.16752456,-0.23999982,-0.20986278,-0.014750032
0.114999294,0.115728,-0.16352457,-0.24399981,-0.20727979,-0.018750032
0.11214288,0.111728,-0.15952457,-0.24642077,-0.21117325,-0.022090366
0.10814288,0.115728,-0.15552458,-0.24662153,-0.20717326,-0.026090367
0.10414288,0.119728,-0.15152459,-0.24262154,-0.20317326,-0.030090367
0.10014288,0.123728,-0.1475246,-0.23862155,-0.19917327,-0.034090366
0.09614288,0.12085003,-0.1435246,-0.23462155,-0.19517328,-0.038090367
0.10014288,0.116850026,-0.13952461,-0.23062156,-0.19664134,-0.03449842
0.103344075,0.112850025,-0.13552462,-0.22662157,-0.19975498,-0.035125814
0.1022073,0.108850025,-0.13152462,-0.22262157,-0.19575499,-0.039125815
0.100277625,0.104850024,-0.12752463,-0.21862158,-0.1926621,-0.043125816
0.096277624,0.10085002,-0.12352463,-0.21462159,-0.18866211,-0.047125816
0.09227762,0.104850024,-0.11952463,-0.2106216,-0.18466212,-0.051125817
0.08827762,0.108850025,-0.11552463,-0.2066216,-0.18066213,-0.055125818
0.08427762,0.112850025,-0.11152463,-0.20262161,-0.17666213,-0.05912582
0.08805931,0.116850026,-0.107524626,-0.19862162,-0.17266214,-0.06312582
0.08913993,0.112850025,-0.10761739,-0.19462162,-0.17666213,-0.06712582
0.09313993,0.108850025,-0.111617394,-0.19062163,-0.18066213,-0.06312582
0.08913993,0.104850024,-0.115617394,-0.18662164,-0.18466212,-0.061173797
0.08513993,0.10085002,-0.111617394,-0.18262164,-0.18528135,-0.0651738
0.08113993,0.09685002,-0.10761739,-0.17862165,-0.18128136,-0.0691738
0.08513993,0.10085002,-0.10361739,-0.17462166,-0.17728136,-0.0731738
0.08113993,0.09773306,-0.09961739,-0.17062166,-0.17328137,-0.0771738
0.08496805,0.10173306,-0.09561739,-0.16662167,-0.16928138,-0.0811738
0.08096805,0.09773306,-0.09161739,-0.16262168,-0.16528139,-0.0851738
0.07741033,0.09373306,-0.08761739,-0.15862168,-0.16128139,-0.0891738
0.07341033,0.08973306,-0.09161739,-0.15462169,-0.16012357,-0.0931738
0.07741033,0.085733056,-0.08997535,-0.1506217,-0.15719832,-0.0971738
0.07341033,0.081733055,-0.088230304,-0.1466217,-0.15319833,-0.1011738
0.07741033,0.077733055,-0.084230304,-0.14262171,-0.14919834,-0.105173804
0.07341033,0.073733054,-0.0802303,-0.13862172,-0.14519835,-0.109173805
0.07741033,0.077733055,-0.0762303,-0.13462172,-0.14119835,-0.113173805
0.07341033,0.08121032,-0.07319944,-0.13062173,-0.13719836,-0.117173806
0.06941033,0.08521032,-0.06919944,-0.12662174,-0.13319837,-0.12117381
0.06541033,0.089210324,-0.06642696,-0.12262174,-0.12919837,-0.1251738
0.062929384,0.08521032,-0.07042696,-0.11862174,-0.12519838,-0.1291738
0.066929385,0.08121032,-0.074426964,-0.114621736,-0.12919837,-0.1331738
0.06722325,0.07721032,-0.078426965,-0.110621735,-0.12519838,-0.13717379
0.07122325,0.08121032,-0.074426964,-0.106621735,-0.12119838,-0.14117378
0.06722325,0.07721032,-0.07042696,-0.102621734,-0.11719838,-0.14517377
0.06322325,0.08121032,-0.06642696,-0.09862173,-0.11319838,-0.14917377
0.05922325,0.07721032,-0.07042696,-0.09462173,-0.10919838,-0.15317376
0.06303127,0.07739723,-0.06642696,-0.09062173,-0.105198376,-0.15717375
0.06703127,0.07339723,-0.062426962,-0.08662173,-0.101198375,-0.16117375
0.07103127,0.069397226,-0.05842696,-0.08262173,-0.097198375,-0.16517374
0.06703127,0.065397225,-0.05442696,-0.07862173,-0.093198374,-0.16917373
0.06303127,0.069397226,-0.05042696,-0.07462173,-0.08919837,-0.17317373
0.05903127,0.07256008,-0.04996309,-0.07062173,-0.08519837,-0.17717372
0.056946892,0.07656008,-0.04596309,-0.06662173,-0.08119837,-0.18117371
0.054608162,0.07256008,-0.048282184,-0.06262173,-0.08155716,-0.1851737
0.058608163,0.06856008,-0.044282183,-0.058621727,-0.07760209,-0.1891737
0.06260816,0.06456008,-0.048282184,-0.054621726,-0.08160209,-0.19317369
0.06660816,0.060560077,-0.044282183,-0.050621726,-0.077830255,-0.19717368
0.06900908,0.056560077,-0.048282184,-0.046621725,-0.079896376,-0.20117368
0.0662096,0.060560077,-0.044282183,-0.042621724,-0.075896375,-0.20517367
0.0622096,0.06456008,-0.04110742,-0.038621724,-0.071896374,-0.20917366
0.058209598,0.06856008,-0.03710742,-0.034621723,-0.06789637,-0.21317366
0.055366527,0.07256008,-0.03310742,-0.030621722,-0.06389637,-0.21717365
0.059366528,0.06856008,-0.03531327,-0.026621722,-0.059896372,-0.22117364
0.063366525,0.06456008,-0.03931327,-0.022621721,-0.06389637,-0.22517364
0.067366526,0.060560077,-0.043313272,-0.01862172,-0.06789637,-0.2253714
0.068539724,0.056560077,-0.041530382,-0.01462172,-0.067550816,-0.2293714
0.06453972,0.060560077,-0.03753038,-0.010621719,-0.063550815,-0.23337139
0.060539722,0.06456008,-0.03353038,-0.006621719,-0.059550814,-0.23737139
0.05653972,0.06856008,-0.02953038,-0.0026217187,-0.055550814,-0.24137138
0.056909572,0.07256008,-0.02553038,0.0013782815,-0.051550813,-0.24537137
0.060909573,0.06856008,-0.02953038,0.0053782817,-0.051523603,-0.24937136
0.06490957,0.06456008,-0.03353038,0.009378282,-0.055523604,-0.25337136
0.06890957,0.060560077,-0.03753038,0.013378283,-0.059523605,-0.25737137
0.06490957,0.056560077,-0.03353038,0.017378284,-0.055523604,-0.26137137
0.06090957,0.052560076,-0.02953038,0.021378284,-0.051523603,-0.26537138
0.05690957,0.056560077,-0.02553038,0.025378285,-0.047523603,-0.2693714
0.052909568,0.05266849,-0.021530379,0.029378286,-0.043523602,-0.2733714
0.05690957,0.05666849,-0.017530378,0.033378284,-0.0395236,-0.2773714
0.06090957,0.05266849,-0.015085432,0.037378285,-0.0355236,-0.2813714
0.06490957,0.051226802,-0.011949421,0.041378286,-0.0315236,-0.28537142
0.06890957,0.055226803,-0.007949421,0.045378286,-0.0275236,-0.28937143
0.06490957,0.051226802,-0.011949422,0.049378287,-0.0315236,-0.29337144
0.06090957,0.0472268,-0.015949422,0.053378288,-0.0275236,-0.29737145
0.05690957,0.0432268,-0.019949423,0.05737829,-0.0315236,-0.30137146
0.052909568,0.0392268,-0.023949424,0.06137829,-0.028211294,-0.30537146
0.05690957,0.0432268,-0.019949423,0.065378286,-0.024211293,-0.30937147
0.06090957,0.0472268,-0.015949422,0.06937829,-0.020211292,-0.31337148
0.06490957,0.051226802,-0.011949422,0.07337829,-0.016211292,-0.314
0.06890957,0.0472268,-0.012339777,0.07737829,-0.014720547,-0.314
0.07290957,0.0432268,-0.008339778,0.08137829,-0.012434854,-0.314
0.06890957,0.0392268,-0.012339778,0.08034105,-0.016434854,-0.314
0.06490957,0.0352268,-0.016339779,0.0784391,-0.01688715,-0.314
0.06090957,0.033033755,-0.016087836,0.0744391,-0.01288715,-0.314
0.05690957,0.037033755,-0.012087835,0.0704391,-0.008887149,-0.314
0.06090957,0.041033756,-0.008087834,0.072185606,-0.004887149,-0.314
0.061522096,0.045033757,-0.004087834,0.07618561,-0.000887149,-0.314
0.0655221,0.042815935,-8.783396e-05,0.08018561,-2.2140855e-05,-0.314
0.0695221,0.038815934,-0.0022211233,0.08418561,-0.004022141,-0.314
0.0655221,0.034815934,-0.0062211235,0.08818561,-0.008022141,-0.314
0.061522096,0.030815933,-0.010221124,0.09218561,-0.011549182,-0.314
0.057522096,0.034815934,-0.0062211235,0.08818561,-0.007549182,-0.314
0.061522096,0.03302174,-0.0022211233,0.09218561,-0.0035491819,-0.314
0.0655221,0.03702174,0.0017788769,0.09151606,0.00045081833,-0.314
0.0695221,0.03302174,0.0021045983,0.09551606,0.0044508185,-0.314
0.0735221,0.02902174,-0.00076918444,0.099516064,0.008450819,-0.314
0.0695221,0.02502174,-0.0047691846,0.103516065,0.004450819,-0.314
0.0655221,0.021021739,-0.0029792653,0.099516064,0.008450819,-0.314
0.061522096,0.02502174,0.0010207349,0.09551606,0.01245082,-0.314
0.0655221,0.02902174,0.005020735,0.09518328,0.01645082,-0.314
0.0695221,0.03302174,0.009020735,0.09524636,0.020450821,-0.314
0.0735221,0.02902174,0.008426366,0.09924636,0.01645082,-0.314
0.0695221,0.02502174,0.004426366,0.10324636,0.01245082,-0.314
0.0655221,0.021021739,0.000426366,0.10724636,0.008450819,-0.314
0.062525265,0.017021738,-0.00083886343,0.11124636,0.004450819,-0.314
0.06288484,0.013021737,0.0031611368,0.11283638,0.008450819,-0.314
0.06688484,0.009021737,0.0052021104,0.116836384,0.007611216,-0.314
0.07088484,0.013021737,0.009202111,0.11283638,0.011611216,-0.314
0.07488484,0.017021738,0.01320211,0.10883638,0.015611216,-0.314
0.07480205,0.021021739,0.017202111,0.10483638,0.019611217,-0.314
0.07080205,0.02502174,0.01320211,0.10083638,0.023611218,-0.314
0.06680205,0.021021739,0.00920211,0.10340202,0.027611218,-0.314
0.06280205,0.017021738,0.0052021095,0.10740202,0.023611218,-0.314
0.058802046,0.013021737,0.0012021093,0.11140202,0.019611217,-0.314
0.054802045,0.009021737,0.00061859656,0.11540202,0.015611216,-0.314
0.058802046,0.013021737,0.0046185968,0.11940202,0.019611217,-0.314
0.06280205,0.009021737,0.008618597,0.12340202,0.019213103,-0.314
0.06680205,0.013021737,0.012618598,0.11940202,0.023213103,-0.314
0.07080205,0.017021738,0.016618598,0.118169464,0.027213104,-0.314
0.07480205,0.021021739,0.015201993,0.11416946,0.031213105,-0.314
0.07080205,0.022795206,0.011201993,0.11016946,0.035213105,-0.314
0.06680205,0.018795205,0.0072019924,0.11335702,0.031213105,-0.314
0.06280205,0.014795205,0.0032019923,0.11735702,0.027213104,-0.314
0.058802046,0.010795204,-0.00079800794,0.12135702,0.023213103,-0.314
0.06280205,0.014795205,0.0032019923,0.11739673,0.027213104,-0.314
0.06680205,0.010795204,0.0072019924,0.12139673,0.023213103,-0.314
0.07080205,0.00893046,0.011201993,0.12539673,0.019213103,-0.314
0.07480205,0.0049304594,0.014079042,0.12939672,0.015213102,-0.314
0.07080205,0.00893046,0.010079041,0.12539673,0.019213103,-0.314
0.07415239,0.01293046,0.007481964,0.12693988,0.015213102,-0.314
0.07015239,0.01693046,0.0034819636,0.12293988,0.019213103,-0.314
0.06615239,0.018262561,0.0042554997,0.12133795,0.019026693,-0.314
0.06240047,0.014262561,0.0045272163,0.12533794,0.015026692,-0.314
0.06640047,0.01026256,0.006845513,0.12933794,0.011026692,-0.314
0.07040047,0.00626256,0.008114486,0.13333793,0.0070266915,-0.314
0.07440047,0.0022625597,0.008634712,0.13733792,0.0044889986,-0.314
0.075630076,0.005546108,0.006980379,0.13385056,0.008488999,-0.314
0.071630076,0.009546109,0.0065695657,0.12985057,0.0124889985,-0.314
0.067630075,0.013546109,0.007596393,0.12585057,0.016489,-0.314
0.063630074,0.01754611,0.0062740804,0.12185057,0.020489,-0.314
0.06502462,0.015362427,0.005246804,0.12585057,0.016489,-0.314
0.06769953,0.011362426,0.0026781273,0.12985057,0.0124889985,-0.314
0.07169953,0.007362426,0.0027590545,0.13385056,0.008488998,-0.314
0.07569953,0.0033624256,0.0038368634,0.13785055,0.0044889976,-0.314
0.07282375,0.007362426,0.007836863,0.13983797,0.007799834,-0.314
0.06882375,0.011362426,0.008320884,0.13583797,0.011799835,-0.314
0.06482375,0.015362427,0.010372854,0.13183798,0.015799835,-0.314
0.06459131,0.011362426,0.0063728536,0.12797359,0.014395827,-0.314
0.06346177,0.012413369,0.0023728535,0.13197358,0.012825715,-0.314
0.067461774,0.008413369,-0.0016271467,0.13597357,0.008825716,-0.314
0.071461774,0.0044133686,-0.005627147,0.13997357,0.0048257154,-0.314
0.075461775,0.008413369,-0.0016271467,0.1429907,0.00588771,-0.314
0.071461774,0.0124133695,0.0023728535,0.1389907,0.00988771,-0.314
0.067461774,0.01641337,0.0063728536,0.1349907,0.013887711,-0.314
0.06346177,0.02041337,0.0086709075,0.13099071,0.017565696,-0.314
0.067461774,0.01641337,0.0046709073,0.1349907,0.013565695,-0.314
0.071461774,0.02041337,0.0086709075,0.13780652,0.012093851,-0.314
0.075461775,0.01641337,0.0046709073,0.14180651,0.008093851,-0.314
0.071461774,0.0124133695,0.0006709071,0.1458065,0.0040938505,-0.314
0.067461774,0.008413369,-0.003329093,0.1498065,9.385031e-05,-0.314
0.06346177,0.0044133686,-0.0073290933,0.14641203,-0.0039061499,-0.314
0.067461774,0.0024679105,-0.0075122463,0.14572442,9.385031e-05,-0.314
0.071461774,0.0064679105,-0.003512246,0.14172442,0.0040938505,-0.314
0.075461775,0.010467911,0.00048775412,0.14058666,0.008093851,-0.314
0.079461776,0.014467912,0.0044877543,0.13907455,0.012093851,-0.314
0.075461775,0.018467912,0.0062017995,0.13507456,0.014556522,-0.314
0.071461774,0.014467912,0.0022017993,0.1379936,0.010556521,-0.314
0.067461774,0.010467911,-0.0017982009,0.1419936,0.0065565207,-0.314
0.06346177,0.006467911,-0.005798201,0.14599359,0.0025565205,-0.314
0.067461774,0.0024679108,-0.009798201,0.14999358,-0.0014434797,-0.314
0.071461774,0.006467911,-0.0057982006,0.15399358,0.00027691992,-0.314
0.075461775,0.010467911,-0.0017982004,0.15799357,0.00427692,-0.314
0.079461776,0.014467912,0.0022017998,0.15399358,0.008276921,-0.314
0.075461775,0.018467912,0.00012883986,0.14999358,0.012276921,-0.314
0.078276165,0.022467913,-0.0038711603,0.14599359,0.008276921,-0.314
0.074276164,0.018467912,-0.00787116,0.1419936,0.0042769206,-0.314
0.078276165,0.014467912,-0.011871161,0.14599359,0.0002769204,-0.314
0.082276165,0.010467911,-0.015871162,0.14999358,-0.0037230798,-0.314
0.086276166,0.006467911,-0.019871162,0.15399358,-0.00772308,-0.314
0.087481186,0.0024679108,-0.018950295,0.14999358,-0.011723081,-0.314
0.090012014,0.006467911,-0.014950294,0.1507868,-0.015723081,-0.314
0.08601201,0.010467911,-0.010950293,0.14678681,-0.011723081,-0.314
0.08201201,0.014467912,-0.006950293,0.14278682,-0.0077230805,-0.314
0.07801201,0.018467912,-0.010950293,0.13878682,-0.005303251,-0.314
0.07676081,0.022467913,-0.0129654305,0.13603601,-0.009303251,-0.314
0.07617535,0.018467912,-0.01696543,0.140036,-0.013303252,-0.314
0.08017535,0.014467912,-0.02096543,0.144036,-0.017303253,-0.314
0.08417535,0.010467911,-0.024965432,0.14803599,-0.021303253,-0.314
0.08817535,0.006467911,-0.02635554,0.15203598,-0.025303254,-0.314
0.09217535,0.010467911,-0.02235554,0.15603597,-0.023239596,-0.314
0.08865052,0.014467912,-0.018355539,0.1528766,-0.019239595,-0.314
0.08465052,0.018467912,-0.014355538,0.1488766,-0.0152395945,-0.314
0.080650516,0.022467913,-0.014879706,0.14487661,-0.011239594,-0.314
0.076650515,0.026467914,-0.018879706,0.1488766,-0.0152395945,-0.314
0.078716956,0.022467913,-0.022879707,0.1528766,-0.019239595,-0.314
0.08271696,0.018467912,-0.026879707,0.1568766,-0.023239596,-0.314
0.08671696,0.014467912,-0.028752277,0.16087659,-0.027239596,-0.314
0.09071696,0.010467911,-0.032752275,0.16487658,-0.031239597,-0.314
0.08671696,0.014467912,-0.028752275,0.16087659,-0.027239596,-0.314
0.08278807,0.018467912,-0.024752274,0.1568766,-0.023239596,-0.314
0.08501125,0.022467913,-0.020752273,0.1528766,-0.019239595,-0.314
0.08654355,0.026467914,-0.016788239,0.1488766,-0.021004323,-0.314
0.08530307,0.022467913,-0.019891215,0.1505369,-0.025004324,-0.314
0.08130307,0.018467912,-0.023891216,0.1515904,-0.029004324,-0.314
0.07730307,0.014467912,-0.027891217,0.15434404,-0.033004325,-0.314
0.073303066,0.018467912,-0.023891216,0.15034404,-0.029004324,-0.314
0.07610576,0.022467913,-0.019891215,0.14730516,-0.025241632,-0.314
0.08010576,0.026467914,-0.015891215,0.14527811,-0.021241631,-0.314
0.08410576,0.030467914,-0.011891214,0.1492781,-0.022270432,-0.314
0.08190595,0.026467914,-0.015891215,0.15232755,-0.026270432,-0.314
0.07790595,0.022467913,-0.019891215,0.15303816,-0.030270433,-0.314
0.07390595,0.018467912,-0.023891216,0.15450983,-0.03427043,-0.314
0.06990595,0.014467912,-0.027891217,0.15311523,-0.038270433,-0.314
0.07390595,0.018467912,-0.023891216,0.14911523,-0.03427043,-0.314
0.07790595,0.022467913,-0.019891215,0.14511524,-0.030270431,-0.314
0.08190595,0.026467914,-0.015891215,0.14111525,-0.02627043,-0.314
0.07790595,0.022467913,-0.019891215,0.14439136,-0.030270431,-0.314
0.08190595,0.026467914,-0.015891215,0.14039136,-0.02627043,-0.314
0.07790595,0.022467913,-0.019891215,0.1413195,-0.030270431,-0.314
0.07390595,0.019243946,-0.022042716,0.13954836,-0.031032765,-0.314
0.06990595,0.015243946,-0.026042717,0.1423875,-0.035032764,-0.314
0.06590595,0.019243946,-0.022042716,0.13972643,-0.031032763,-0.314
0.06474834,0.023243947,-0.018042715,0.14372642,-0.031528924,-0.314
0.06874834,0.027243948,-0.014042715,0.13972643,-0.027528923,-0.314
0.07274834,0.031243948,-0.010042714,0.14338355,-0.023528922,-0.314
0.07674834,0.027243948,-0.014042715,0.14738354,-0.027528923,-0.314
0.07274834,0.023243947,-0.018042715,0.14856336,-0.031528924,-0.314
0.06874834,0.019243946,-0.022042716,0.14558434,-0.035528924,-0.314
0.06474834,0.015243946,-0.026042717,0.14158435,-0.038208764,-0.314
0.06074834,0.01807952,-0.023690758,0.13796788,-0.034208763,0.0
0.06474834,0.02207952,-0.019690758,0.14196788,-0.030208763,0.0
0.06874834,0.02607952,-0.015690757,0.13796788,-0.026208762,0.0
0.07274834,0.030079521,-0.011690756,0.13623263,-0.022208761,0.0
0.07354412,0.02607952,-0.015690757,0.14023262,-0.01820876,0.0
0.06954412,0.02207952,-0.019690758,0.14423262,-0.016961379,0.0
0.06554412,0.01807952,-0.023690758,0.14823261,-0.02096138,0.0
0.06154412,0.014079519,-0.027690759,0.1522326,-0.02496138,0.0
0.06554412,0.010079518,-0.023690758,0.15244673,-0.02096138,0.0
0.06154412,0.006079518,-0.027690759,0.15149836,-0.016961379,0.0
0.06554412,0.009536629,-0.02439457,0.1498562,-0.012961378,0.0
0.06954412,0.013536628,-0.022280969,0.1458562,-0.008961378,0.0
0.07354412,0.017536629,-0.018280968,0.14596312,-0.0049613775,0.0
0.06954412,0.02153663,-0.021223655,0.14389187,-0.003439245,0.0
0.06554412,0.017536629,-0.025223656,0.14789186,-0.0074392455,0.0
0.06154412,0.013536628,-0.029223656,0.14903323,-0.011439245,0.0
0.05754412,0.009536628,-0.033223655,0.15303323,-0.015439246,0.0
0.06154412,0.013536628,-0.029223654,0.15190694,-0.011439245,0.0
0.06554412,0.015872546,-0.025223654,0.15443856,-0.012087676,0.0
0.06954412,0.019872546,-0.021223653,0.15103781,-0.008087676,0.0
0.07196428,0.01599229,-0.021149931,0.15323448,-0.011841955,0.0
0.06796428,0.011992289,-0.025149932,0.15329063,-0.015841955,0.0
0.07196428,0.01599229,-0.021149931,0.15319222,-0.011841955,0.0
0.06796428,0.011992289,-0.025149932,0.14919223,-0.015841955,0.0
0.07038545,0.01599229,-0.021149931,0.14529343,-0.011841955,0.0
0.06638545,0.011992289,-0.025149932,0.14129344,-0.013736973,0.0
0.062385447,0.007992288,-0.029149933,0.13799885,-0.017736973,0.0
0.058385447,0.011992289,-0.03314993,0.14199884,-0.01685977,0.0
0.056104418,0.01599229,-0.02914993,0.14599884,-0.012859769,0.0
0.052104417,0.01999229,-0.02514993,0.145032,-0.0088597685,0.0
0.056104418,0.02399229,-0.02114993,0.149032,-0.010303455,0.0
0.06010442,0.01999229,-0.018879885,0.15303199,-0.014303455,0.0
0.064104415,0.01599229,-0.022879886,0.15703198,-0.018303456,0.0
0.060649604,0.011992289,-0.026879886,0.16103198,-0.022303456,0.0
0.056649603,0.007992288,-0.030879887,0.15759405,-0.024873134,0.0
0.052649602,0.011992289,-0.028968407,0.15359406,-0.020873133,0.0
0.0486496,0.01599229,-0.026849246,0.14959407,-0.016873132,0.0
0.052649602,0.01999229,-0.022849245,0.14559408,-0.012873132,0.0
0.056649603,0.02399229,-0.019028844,0.1468492,-0.008873131,0.0
0.060649604,0.02009039,-0.017344343,0.1508492,-0.012873132,0.0
0.064649604,0.01609039,-0.021344343,0.15329716,-0.01362434,0.0
0.060649604,0.012090389,-0.025344344,0.15729715,-0.017624341,0.0
0.056649603,0.010683461,-0.029344345,0.15329716,-0.013695555,0.0
0.052649602,0.009737711,-0.033344343,0.14929716,-0.017695555,0.0
0.0486496,0.013737712,-0.029344343,0.14529717,-0.013695555,0.0
0.052649602,0.017737713,-0.025344342,0.14129718,-0.009695554,0.0
0.056649603,0.021737713,-0.021344341,0.14529717,-0.009150783,0.0
0.060575675,0.017737713,-0.025344342,0.14929716,-0.013150783,0.0
0.056575675,0.013737712,-0.022892265,0.15329716,-0.017150784,0.0
0.052575674,0.009737711,-0.026892265,0.15729715,-0.021150785,0.0
0.048575673,0.013737712,-0.022892265,0.15329716,-0.017150784,0.0
0.044575673,0.017737713,-0.026892265,0.14929716,-0.013150783,0.0
0.043352142,0.021737713,-0.022892265,0.14529717,-0.009150783,0.0
0.047352143,0.021936072,-0.024859134,0.14831592,-0.009577916,0.0
0.051352143,0.017936071,-0.025894776,0.15231591,-0.013577916,0.0
0.055352144,0.013936071,-0.02826853,0.15631591,-0.017577916,0.0
0.051352143,0.00993607,-0.032268528,0.1603159,-0.021577917,0.0
0.053804576,0.00593607,-0.028268527,0.16286463,-0.024067022,0.0
0.049804576,0.00993607,-0.024268527,0.15886463,-0.020067021,0.0
0.045804575,0.013936071,-0.020268526,0.15486464,-0.01606702,0.0
0.041804574,0.017936071,-0.018026592,0.15086465,-0.01206702,0.0
0.04264798,0.021936072,-0.021526102,0.14686465,-0.009623864,0.0
0.04355832,0.021651367,-0.025526103,0.1474872,-0.011031726,0.0
0.04755832,0.017651366,-0.029526103,0.15148719,-0.015031727,0.0
0.04355832,0.013651365,-0.030960971,0.15543221,-0.019031728,0.0
0.04755832,0.009651365,-0.028623287,0.1594322,-0.023031728,0.0
0.04355832,0.006231071,-0.026559845,0.16066779,-0.022859626,0.0
0.04755832,0.010231071,-0.022559844,0.1566678,-0.018859625,0.0
0.04355832,0.014231071,-0.019889941,0.1526678,-0.014859624,0.0
0.04755832,0.018231072,-0.017615067,0.15321843,-0.011371626,0.0
0.04355832,0.022231072,-0.021615067,0.14921844,-0.0073716254,0.0
0.047211092,0.018231072,-0.025615068,0.15321843,-0.011371626,0.0
0.04321109,0.014231071,-0.029615069,0.15721843,-0.015371626,0.0
0.047211092,0.01023107,-0.025800934,0.16121842,-0.019371627,0.0
0.04321109,0.00623107,-0.029800935,0.16095781,-0.023371628,0.0
0.047211092,0.01023107,-0.025800934,0.15695782,-0.019371627,0.0
0.04321109,0.014231071,-0.0244259,0.15295783,-0.015371626,0.0
0.044856526,0.018231072,-0.020425899,0.14895783,-0.011371626,0.0
0.040856525,0.022231072,-0.0244259,0.14495784,-0.009990657,0.0
0.041558005,0.026231073,-0.021683408,0.14895783,-0.0104092555,0.0
0.037558004,0.022231072,-0.025683409,0.15295783,-0.014409255,0.0
0.041558005,0.018231072,-0.029262284,0.15695782,-0.018409256,0.0
0.045558006,0.014231071,-0.032009568,0.16095781,-0.022409257,0.0
0.049558006,0.01023107,-0.028009567,0.1649578,-0.026409257,0.0
0.047812056,0.00623107,-0.024009567,0.16596708,-0.024175089,0.0
0.043812055,0.01023107,-0.020009566,0.16196708,-0.020175088,0.0
0.039812054,0.014231071,-0.022373183,0.15796709,-0.016175088,0.0
0.035812054,0.018231072,-0.021978278,0.1539671,-0.012175087,0.0
0.033744846,0.022231072,-0.025978278,0.1499671,-0.008175086,0.0
0.037744846,0.018231072,-0.029978279,0.1539671,-0.012175087,0.0
0.041744847,0.014231071,-0.0321114,0.15796709,-0.016175088,0.0
0.045744848,0.01023107,-0.029605458,0.16196708,-0.020175088,0.0
0.04974485,0.00623107,-0.025605457,0.16596708,-0.024175089,0.0
0.045744848,0.01023107,-0.021605456,0.16196708,-0.020175088,0.0
0.041744847,0.014231071,-0.020460589,0.15796709,-0.016175088,0.0
0.037744846,0.018231072,-0.020639757,0.1539671,-0.012175087,0.0
0.033744846,0.022231072,-0.022601385,0.1499671,-0.008175086,0.0
0.029744845,0.018335927,-0.026601385,0.14767854,-0.010659262,0.0
0.033744846,0.014335927,-0.030601386,0.15167853,-0.014659261,0.0
0.037744846,0.010335926,-0.032089334,0.15567853,-0.018659262,0.0
0.041744847,0.006335926,-0.028089333,0.15967852,-0.022659263,0.0
0.045744848,0.010335926,-0.024089333,0.15636872,-0.018659262,0.0
0.044937603,0.014335927,-0.020089332,0.15236872,-0.014659261,0.0
0.040937603,0.018335927,-0.016089331,0.14836873,-0.010659261,0.0
0.036937602,0.022335928,-0.020089332,0.14436874,-0.0066592605,0.0
0.0329376,0.018335927,-0.024089333,0.14036874,-0.009754538,0.0
0.0289376,0.014335927,-0.028089333,0.13636875,-0.011120907,0.0
0.030308837,0.010335926,-0.032089334,0.14036874,-0.015120907,0.0
0.034308836,0.006335926,-0.028089333,0.14436874,-0.012576403,0.0
0.038308837,0.0023359256,-0.024089333,0.14836873,-0.016576404,0.0
0.042308837,0.006335926,-0.020089332,0.14629656,-0.012576403,0.0
0.038308837,0.010335926,-0.016089331,0.14229657,-0.008576402,0.0
0.042308837,0.013181656,-0.012089331,0.14629656,-0.0045764023,0.0
0.038308837,0.017181655,-0.016089331,0.14229657,-0.00057640206,0.0
0.034308836,0.018390503,-0.020089332,0.13829657,-0.0019619649,0.0
0.030308835,0.014390502,-0.024089333,0.13655709,-0.005961965,0.0
0.026308835,0.0103905015,-0.028089333,0.14055708,-0.009961965,0.0
0.023339463,0.0063905013,-0.029878184,0.14455707,-0.013961965,0.0
0.024747644,0.002390501,-0.025878184,0.14855707,-0.0132952975,0.0
0.028747644,0.0063905013,-0.021878183,0.15255706,-0.009295298,0.0
0.032747645,0.0103905015,-0.017878182,0.14855707,-0.0052952976,0.0
0.036747646,0.014390502,-0.013878182,0.14455707,-0.0012952974,0.0
0.03442992,0.018390503,-0.017878182,0.14055708,0.0027047028,0.0
0.030429918,0.014390502,-0.021878183,0.13962743,-0.0012952974,0.0
0.026429918,0.0103905015,-0.025878184,0.14362742,-0.0052952976,0.0
0.022429917,0.0063905013,-0.029878184,0.14762741,-0.009295298,0.0
0.025482316,0.002390501,-0.025878184,0.1516274,-0.013295298,0.0
0.021482315,-0.0016094991,-0.029878184,0.15503006,-0.01583184,0.0
0.025482316,0.002390501,-0.025878184,0.15103006,-0.011831839,0.0
0.029482316,0.0063905013,-0.021878183,0.14703007,-0.007831838,0.0
0.033482317,0.0103905015,-0.017878182,0.14303008,-0.0038318378,0.0
0.037482318,0.014390502,-0.013878182,0.13903008,0.0001681624,0.0
0.033482317,0.018390503,-0.016892523,0.13580427,0.0041681626,0.0
0.029482316,0.014390502,-0.020892523,0.13980426,0.0001681624,0.0
0.025482316,0.0103905015,-0.024892524,0.14380425,-0.0038318378,0.0
0.021482315,0.0063905013,-0.028892525,0.14780425,-0.007831838,0.0
0.024687603,0.002390501,-0.02562731,0.15180424,-0.011831839,0.0
0.028687604,0.0041330233,-0.021627309,0.15580423,-0.007831838,0.0
0.032687604,0.008133024,-0.017627308,0.15180424,-0.0038318378,0.0
0.036687605,0.012133025,-0.0136273075,0.14780425,0.0001681624,0.0
0.032687604,0.016133025,-0.016436381,0.14380425,0.0041681626,0.0
0.028687604,0.012133025,-0.020436382,0.13980426,0.0033331446,0.0
0.024687603,0.008133024,-0.024436383,0.1405537,-0.0006668556,0.0
0.023840785,0.004133024,-0.028436383,0.14455369,-0.0046668556,0.0
0.024733158,0.0001330236,-0.024436383,0.14855368,-0.008666856,0.0
0.028733158,0.004133024,-0.020436382,0.14933744,-0.004666856,0.0
0.032733157,0.008133024,-0.016436381,0.14533745,-0.00066685583,0.0
0.036733158,0.012133025,-0.012436381,0.14133745,0.0033331444,0.0
0.032733157,0.016133025,-0.014397698,0.13733746,0.0073331445,0.0
0.028733157,0.012133025,-0.018397698,0.13889892,0.0033331444,0.0
0.024733156,0.008133024,-0.022397699,0.14289892,-0.00066685583,0.0
0.020733155,0.004133024,-0.0263977,0.14689891,-0.004666856,0.0
0.016733155,0.0001330236,-0.023764275,0.1508989,-0.005824862,0.0
0.020733155,0.0029212087,-0.019764274,0.15272501,-0.0018248619,0.0
0.024733156,0.006921209,-0.015764274,0.14872502,0.0021751383,0.0
0.028733157,0.010921209,-0.011764273,0.14472502,0.0061751385,0.0
0.032733157,0.014921209,-0.015764274,0.14072503,0.009158344,0.0
0.028733157,0.010921208,-0.019764274,0.14398246,0.005158344,0.0
0.024733156,0.006921208,-0.023764275,0.14798245,0.0011583436,0.0
0.020733155,0.0029212078,-0.027764276,0.15198244,-0.0028416566,0.0
0.01867064,-7.984182e-05,-0.023764275,0.15087932,-0.004796351,0.0
0.022670642,0.0039201584,-0.019764274,0.14691335,-0.00079635065,0.0
0.026670642,0.007920159,-0.015764274,0.14463063,0.0032036495,0.0
0.030670643,0.01192016,-0.011764273,0.14063063,0.0072036497,0.0
0.03181187,0.01592016,-0.014400825,0.13987227,0.009836045,0.0
0.02781187,0.01192016,-0.018400826,0.14387226,0.005836045,0.0
0.02381187,0.007920159,-0.022400826,0.1476535,0.0018360447,0.0
0.019811869,0.003920159,-0.026400827,0.1516535,-0.0021639555,0.0
0.015811868,-7.984135e-05,-0.030400828,0.15207998,-0.0061639557,0.0
0.011811867,-0.0040798415,-0.026400827,0.15607998,-0.010163955,0.0
0.015811868,-7.984135e-05,-0.022400826,0.15207998,-0.006163955,0.0
0.019811869,0.003920159,-0.018400826,0.14807999,-0.002163955,0.0
0.02381187,0.007920159,-0.014400825,0.14408,0.0018360452,0.0
0.02781187,0.01192016,-0.010400824,0.14008,0.0058360454,0.0
0.03181187,0.010506409,-0.014400825,0.14140947,0.009764063,0.0
0.02781187,0.006506409,-0.018400826,0.1413457,0.005764063,0.0
0.02381187,0.0025064088,-0.022400826,0.14534569,0.0017640628,0.0
0.019811869,-0.0014935913,-0.026400827,0.14535432,-0.0022359374,0.0
0.016598647,0.0025064088,-0.022400826,0.14448164,0.0017640628,0.0
0.018805994,0.006506409,-0.018400826,0.14048165,0.005764063,0.0
0.022805994,0.010506409,-0.014400825,0.13648166,0.009764063,0.0
0.026805995,0.014506409,-0.012440394,0.14048165,0.009371854,0.0
0.02733309,0.010506408,-0.016440393,0.14448164,0.005371854,0.0
0.02333309,0.006506408,-0.020440394,0.14848164,0.001371854,0.0
0.019333089,0.002506408,-0.024440395,0.15248163,-0.0026281462,0.0
0.015333088,-0.0014935923,-0.028440395,0.15256491,-0.0066281464,0.0
0.019333089,0.0017567081,-0.024440395,0.14856492,-0.0026281462,0.0
0.02333309,0.0057567083,-0.020440394,0.14456493,0.001371854,0.0
0.02733309,0.0097567085,-0.016440393,0.14056493,0.005371854,0.0
0.03133309,0.013756709,-0.012440393,0.13929562,0.009371854,0.0
0.027333088,0.0097567085,-0.016440393,0.13925004,0.007959668,0.0
0.023333088,0.0057567083,-0.020440394,0.14325003,0.0039596674,0.0
0.019333087,0.0017567081,-0.024440395,0.14725003,-4.0332787e-05,0.0
0.015333086,-0.002243292,-0.026086425,0.149812,-0.004040333,0.0
0.011333086,-0.0062432922,-0.030086426,0.14908186,-0.0051963837,0.0
0.015333086,-0.002243292,-0.026086425,0.14508186,-0.0011963835,0.0
0.019333087,0.0017567081,-0.022086425,0.14108187,0.0028036167,0.0
0.023333088,0.0057567083,-0.018086424,0.13708188,0.006803617,0.0
0.027333088,0.0097567085,-0.014086423,0.1350076,0.010803618,0.0
0.029303122,0.013756709,-0.010086423,0.1390076,0.013523893,0.0
0.025303122,0.0097567085,-0.014086423,0.14300759,0.009523893,0.0
0.021303121,0.0057567083,-0.018086424,0.14700758,0.0055238926,0.0
0.01730312,0.0017567081,-0.022086425,0.15100758,0.0015238924,0.0
0.01330312,-0.002243292,-0.026086425,0.15221956,-0.0024761078,0.0
0.01730312,0.0017567081,-0.022086425,0.14821957,0.0015238924,0.0
0.021303121,0.0057567083,-0.018086424,0.14421958,0.0055238926,0.0
0.025303122,0.0097567085,-0.014086423,0.14021958,0.009523893,0.0
0.029303122,0.013756709,-0.010086423,0.13621959,0.013523893,0.0
0.033303123,0.0097567085,-0.013940433,0.13943353,0.013269769,0.0
0.029303122,0.0057567083,-0.017940434,0.14343353,0.009269768,0.0
0.028973086,0.009268804,-0.015036826,0.13943353,0.013192885,0.0
0.024973085,0.0052688043,-0.019036826,0.14343353,0.009192884,0.0
0.020973084,0.009268804,-0.0194134,0.13943353,0.0084031215,0.0
0.016973084,0.0052688043,-0.023413401,0.14294507,0.0044031213,0.0
0.012973083,0.009268804,-0.0194134,0.13894507,0.0084031215,0.0
0.0089730825,0.0052688043,-0.022202026,0.14294507,0.0044031213,0.0
0.012973083,0.009268804,-0.018202025,0.13894507,0.0084031215,0.0
0.016973084,0.0052688043,-0.01957065,0.14294507,0.0044031213,0.0
0.020973084,0.0012688041,-0.016933082,0.14694506,0.0004031211,0.0
0.024973085,-0.0027311961,-0.020933082,0.15094505,-0.003596879,0.0
0.028973086,0.00079669664,-0.016933082,0.14694506,0.0004031211,0.0
0.024973085,0.004796697,-0.018575285,0.14294507,0.0044031213,0.0
0.020973084,0.0087966975,-0.014575284,0.13894507,0.0084031215,0.0
0.016973084,0.011662862,-0.018575285,0.13494508,0.012403121,0.0
0.012973083,0.007986057,-0.017019155,0.13412802,0.012910162,0.0
0.0089730825,0.0039860564,-0.021019155,0.13812801,0.008910162,0.0
0.012973083,-1.3943762e-05,-0.020584788,0.142128,0.004910162,0.0
0.016973084,-0.004013944,-0.022831028,0.146128,0.000910162,0.0
0.020973084,-0.0017141481,-0.018831028,0.15012799,0.0045217513,0.0
0.024973085,0.002285852,-0.014831027,0.146128,0.0085217515,0.0
0.028173357,0.0062858523,-0.010831026,0.142128,0.012521751,0.0
0.024173357,0.0102858525,-0.012172046,0.13812801,0.016521752,0.0
0.020173356,0.011365655,-0.016172046,0.13412802,0.016697915,0.0
0.016173355,0.0073656547,-0.020172046,0.13269073,0.012697915,0.0
0.012173355,0.0033656545,-0.024172047,0.13669072,0.008697914,0.0
0.008173354,-0.0006343457,-0.020172046,0.14069071,0.004697914,0.0
0.011464512,-0.004634346,-0.018844886,0.1446907,0.0006979136,0.0
0.015464513,-0.004587276,-0.014844885,0.1486907,0.0005884266,0.0
0.019464513,-0.0005872757,-0.010844884,0.1446907,0.004588427,0.0
0.023464514,0.0034127245,-0.0068448843,0.14069071,0.008588428,0.0
0.02576021,0.0074127247,-0.010844884,0.13669072,0.012588428,0.0
0.021760209,0.011412725,-0.014844885,0.13269073,0.016588429,0.0
0.017760208,0.0074127247,-0.018844886,0.13125406,0.012588428,0.0
0.013760207,0.0034127245,-0.022844886,0.13525406,0.008588428,0.0
0.009760207,-0.0005872757,-0.026844887,0.13925405,0.0045884275,0.0
0.0057602064,0.0034127245,-0.022844886,0.13958804,0.008588428,0.0
0.009760207,0.007295854,-0.018844886,0.14358804,0.010293835,0.0
0.013760207,0.011295854,-0.014844885,0.13958804,0.014293835,0.0
0.017760208,0.007295854,-0.010844884,0.14358804,0.010293834,0.0
0.021760209,0.0032958537,-0.014844885,0.14758803,0.0062938337,0.0
0.017760208,-0.00070414646,-0.018844886,0.15080184,0.0022938335,0.0
0.021760209,-0.0047041466,-0.022844886,0.14680184,0.0038162011,0.0
0.017760208,-0.0027380555,-0.023454417,0.14280185,0.007816201,0.0
0.014824646,0.0012619446,-0.019454416,0.13880186,0.011816202,0.0
0.010824645,0.0052619446,-0.015454415,0.13480186,0.015816202,0.0
0.014824646,0.009261945,-0.011454415,0.13516986,0.019816203,0.0
0.018824646,0.008111715,-0.011965367,0.13723682,0.015816202,0.0
0.022824647,0.004111715,-0.015965367,0.14123681,0.011816202,0.0
0.018824646,0.00011171494,-0.019965367,0.1452368,0.007816201,0.0
0.014824646,-0.0038882853,-0.023965368,0.14593826,0.003816201,0.0
0.010824645,0.00011171494,-0.019965367,0.14193827,0.007816201,0.0
0.011081623,0.004111715,-0.015965367,0.13793828,0.011816202,0.0
0.015081624,0.008111715,-0.011965366,0.13393828,0.015816202,0.0
0.019081624,0.012111716,-0.008595221,0.13387214,0.01889351,0.0
0.023081625,0.008111715,-0.012595221,0.13787213,0.014893509,0.0
0.020512132,0.004111715,-0.016595222,0.14187212,0.010893509,0.0
0.016512131,0.00011171494,-0.020595223,0.14587212,0.0068935086,0.0
0.012512131,-0.0038882853,-0.024595223,0.14212629,0.0028935084,0.0
0.016512131,0.00011171494,-0.020595223,0.1381263,0.0068935086,0.0
0.017559519,0.004111715,-0.016595222,0.1341263,0.010893509,0.0
0.02155952,0.008111715,-0.012595221,0.13012631,0.014893509,0.0
0.019998008,0.0067172716,-0.016187234,0.12893909,0.016202694,0.0
0.015998008,0.0027172714,-0.019870104,0.13293909,0.012202693,0.0
0.011998007,-0.0012827287,-0.023870105,0.13693908,0.0082026925,0.0
0.007998006,-0.005282729,-0.02157542,0.14093907,0.0042026923,0.0
0.011998007,-0.0012827287,-0.017575419,0.137726,0.0082026925,0.0
0.015998008,0.0027172714,-0.013575418,0.133726,0.012202693,0.0
0.019998008,0.0067172716,-0.009575417,0.12972601,0.016202694,0.0
0.023998009,0.010717272,-0.013575418,0.12791915,0.020202694,0.0
0.019998008,0.0067172716,-0.017351417,0.13191915,0.016202694,0.0
0.015998008,0.0027172714,-0.021351418,0.13591914,0.012202693,0.0
0.011998007,-0.0012827287,-0.025351418,0.13991913,0.0082026925,0.0
0.007998006,-0.005282729,-0.021997591,0.14362274,0.0042026923,0.0
0.011998007,-0.0012827287,-0.01799759,0.13962275,0.0082026925,0.0
0.015998008,0.0027172714,-0.01399759,0.13562275,0.012202693,0.0
0.019998008,0.0067172716,-0.0099975895,0.13162276,0.016202694,0.0
0.015998008,0.0027172714,-0.01399759,0.13252491,0.012202693,0.0
0.011998007,0.002890365,-0.01799759,0.13361476,0.01144385,0.0
0.007998006,-0.0011096352,-0.021997591,0.13761476,0.0074438495,0.0
0.007907151,0.002890365,-0.020028308,0.13412242,0.011179132,0.0
0.011907151,-0.0010661304,-0.016028307,0.13812241,0.008498872,0.0
0.015907152,0.0029338698,-0.012028307,0.13412242,0.012498872,0.0
0.019907152,0.00021830178,-0.014239456,0.1378569,0.010132129,0.0
0.023907153,0.0042183017,-0.010239456,0.13385691,0.014132129,0.0
0.019907152,0.00021830155,-0.0142394565,0.1378569,0.010132128,0.0
0.015907152,0.0042183017,-0.018239457,0.13385691,0.014132129,0.0
0.011907151,0.00021830155,-0.022239458,0.12985691,0.010132128,0.0
0.00790715,0.0042183017,-0.018239457,0.12585692,0.014132129,0.0
0.00390715,0.008218301,-0.022239458,0.12185692,0.01813213,0.0
0.00790715,0.012218302,-0.018239457,0.12585692,0.021408996,0.0
0.011907151,0.008218301,-0.017227817,0.12985691,0.017408995,0.0
0.015907152,0.0042183013,-0.013227817,0.13385691,0.013408994,0.0
0.019907152,0.00021830108,-0.017227817,0.1378569,0.009408994,0.0
0.015907152,-0.003781699,-0.021227818,0.1418569,0.0054089935,0.0
0.011907151,0.00021830108,-0.017227817,0.1378569,0.009408994,0.0
0.00790715,0.0042183013,-0.015828133,0.13385691,0.013408994,0.0
0.011907151,0.008218301,-0.011828132,0.12985691,0.017408995,0.0
0.008889547,0.012218302,-0.015007068,0.12585692,0.021307183,0.0
0.012889547,0.008218301,-0.019007068,0.12985691,0.017307183,0.0
0.013574275,0.0042183013,-0.023007069,0.13385691,0.013307182,0.0
0.0147259,0.00021830108,-0.02700707,0.1378569,0.009307181,0.0
0.0107259005,-0.003781699,-0.025640765,0.14165278,0.0053071813,0.0
0.014725901,-0.0061061615,-0.021640765,0.14213145,0.004749486,0.0
0.018295052,-0.0021061613,-0.017640764,0.13813145,0.008749487,0.0
0.021619963,0.0018938389,-0.013640763,0.13413146,0.0127494875,0.0
0.017619962,0.005893839,-0.009640763,0.13013147,0.016749488,0.0
0.013619961,0.009893839,-0.010592578,0.12613147,0.020749489,0.0
0.009619961,0.008214016,-0.014592579,0.122131474,0.016944066,0.0
0.0056199604,0.0042140163,-0.01859258,0.12613147,0.012944065,0.0
0.0017940274,0.00021401607,-0.02259258,0.13013147,0.008944064,0.0
0.005794028,-0.0037859841,-0.01859258,0.13413146,0.004944064,0.0
0.0097940285,-0.0069055157,-0.014986818,0.13813145,0.0058520003,0.0
0.013794029,-0.0029055155,-0.010986818,0.13754675,0.0098520005,0.0
0.01779403,0.0010944847,-0.006986818,0.13354675,0.013852,0.0
0.021215025,0.005094485,-0.008944777,0.12954676,0.017852,0.0
0.017215025,0.009094485,-0.012944777,0.12554677,0.021852002,0.0
0.013215024,0.011552365,-0.016944777,0.12154677,0.020368619,0.0
0.009215023,0.0075523644,-0.020944778,0.12484511,0.016368618,0.0
0.005215023,0.0035523642,-0.024944779,0.12884511,0.012368618,0.0
0.001215023,-0.000447636,-0.026954412,0.1328451,0.008368617,0.0
0.005215023,0.0035523642,-0.022954412,0.1368451,0.011653393,0.0
0.009215023,-0.000447636,-0.018954411,0.14021832,0.008667053,0.0
0.013215024,0.0015976981,-0.0149544105,0.1425621,0.010321684,0.0
0.017215025,0.0055976985,-0.01095441,0.13856211,0.014321685,0.0
0.021215025,0.009597698,-0.013359417,0.13456212,0.018321685,0.0
0.017215025,0.009834959,-0.017359417,0.13056213,0.022321686,0.0
0.013215024,0.005834959,-0.021359418,0.12656213,0.018321685,0.0
0.009215023,0.0018349588,-0.025359418,0.13056213,0.014321685,0.0
0.013215024,-0.0021650414,-0.021359418,0.13456212,0.010321684,0.0
0.009215023,0.0018349588,-0.017359417,0.13056213,0.013869275,0.0
0.013215024,0.005834959,-0.013359416,0.13284959,0.014093603,0.0
0.009215023,0.009834959,-0.009359416,0.1288496,0.018093603,0.0
0.013215024,0.005834959,-0.013359416,0.0,0.015333342,0.0
0.009215023,0.0060823173,-0.017359417,0.0,0.019333342,0.0
0.013215024,0.0020823171,-0.021359418,0.0,0.015333341,0.0
0.009215023,-0.001917683,-0.021884866,0.0,0.011333341,0.0
0.005215023,-0.0059176832,-0.017884865,0.0,0.0073333406,0.0
0.001215023,-0.001917683,-0.013884865,0.0,0.0033333404,0.0
-0.0027849772,0.0020823171,-0.009884864,0.0,-0.0006666598,0.0
-0.0067849774,0.0060823173,-0.005884864,0.0,-0.00466666,0.0
-0.010784978,0.009088758,-0.0018848637,0.0,-0.008666661,0.0
-0.013086709,0.005088758,0.0021151365,0.0,-0.012666661,0.0
-0.0090867095,0.001088758,0.00016926625,0.0,-0.016666662,0.0
-0.0050867093,-0.0029112422,-0.003830734,0.0,-0.020666663,0.0
-0.0010867091,-0.0069112424,-0.007830734,0.0,-0.024666663,0.0
0.002913291,-0.010911243,-0.008547009,0.0,-0.020666663,0.0
-0.0010867091,-0.006911243,-0.004547009,0.0,-0.016666662,0.0
-0.0050867093,-0.0029112427,-0.0005470086,0.0,-0.012666661,0.0
-0.0090867095,0.0010887575,0.0034529916,0.0,-0.008666661,0.0
-0.01308671,0.0050887577,0.007452992,0.0,-0.0046666604,0.0
-0.0090867095,0.0030621018,0.0034529916,0.0,-0.0050569503,0.0
-0.0050867093,-0.0009378984,-0.0005470086,0.0,-0.00905695,0.0
-0.0010867091,-0.0049378984,-0.004547009,0.0,-0.013056951,0.0
0.002913291,-0.008937899,-0.0076920497,0.0,-0.014442429,0.0
0.0007552223,-0.006542054,-0.0036920495,0.0,-0.010913479,0.0
-0.003244778,-0.0025420538,0.00030795066,0.0,-0.006913479,0.0
-0.007244778,0.0014579464,0.004307951,0.0,-0.0029134788,0.0
-0.011244778,0.0054579466,0.0068089045,0.0,0.0010865214,0.0
-0.011179581,0.0044350973,0.0028089043,0.0,-0.0029134788,0.0
-0.007179581,0.00043509714,-0.0011910959,0.0,-0.006913479,0.0
-0.003179581,-0.003564903,-0.005191096,0.0,-0.010913479,0.0
0.0008204193,-0.0075649032,-0.0078021176,0.0,-0.014913479,0.0
0.0048204195,-0.011564903,-0.006902989,0.0,-0.014884499,0.0
0.0008204193,-0.007564903,-0.0029029888,0.0,-0.010884499,0.0
-0.003179581,-0.0035649026,0.0010970114,0.0,-0.006884499,0.0
-0.007179581,0.0004350976,0.0050970116,0.0,-0.0028844988,0.0
-0.00521757,0.00417607,0.0026603846,0.0,-0.00405262,0.0
-0.0038198696,0.00017606979,-0.0013396156,0.0,-0.00805262,0.0
0.00018013059,-0.0038239304,-0.005339616,0.0,-0.01205262,0.0
0.0041801305,-0.007823931,-0.0085252235,0.0,-0.01605262,0.0
0.00018013036,-0.0075906473,-0.0045252233,0.0,-0.01205262,0.0
-0.0038198698,-0.0035906471,-0.0005252231,0.0,-0.008052619,0.0
-0.0078198705,0.00040935306,0.003474777,0.0,-0.004052619,0.0
-0.0038198703,0.0044093532,0.0074747773,0.0,-5.2618794e-05,0.0
-0.00649635,0.0013664449,0.003474777,0.0,-0.004052619,0.0
-0.0024963496,-0.0026335553,-0.0005252231,0.0,-0.008052619,0.0
-0.005347776,-0.0066335555,-0.0045252233,0.0,-0.01205262,0.0
-0.001347776,-0.010633556,-0.0085252235,0.0,-0.01605262,0.0
-0.005347776,-0.006633556,-0.0045252233,0.0,-0.01205262,0.0
-0.008005129,-0.010633556,-0.0085252235,0.0,-0.01605262,0.0
-0.004005129,-0.006633556,-0.0045252233,0.0,-0.01205262,0.0
-5.1287934e-06,-0.0026335558,-0.0005252231,0.0,-0.008052619,0.0
0.0039948714,0.0013664444,0.003474777,0.0,-0.004052619,0.0
-5.1287934e-06,-0.0026335558,-0.0005252231,0.0,-0.007249925,0.0
-0.004005129,0.0013664444,0.003016061,0.0,-0.0032499246,0.0
-0.008005129,-0.0026335558,-0.0009839393,0.0,-0.007249925,0.0
-0.011996136,-0.004033006,-0.0035681785,0.0,-0.0075889067,0.0
-0.007996136,-0.0080330055,-0.0075681787,0.0,-0.011588907,0.0
-0.003996136,-0.0040330053,-0.0035681785,0.0,-0.0075889067,0.0
3.8640574e-06,-0.005553613,0.00043182168,0.0,-0.0085278815,0.0
0.0040038642,-0.0015536128,0.004431822,0.0,-0.0045278813,0.0
0.008003864,-0.0035644916,0.0046789646,0.0,-0.005660387,0.0
0.0040038642,-0.0042062956,0.0006789644,0.0,-0.0062795826,0.0
3.8640574e-06,-0.008206296,-0.0033210358,0.0,-0.010279583,0.0
-0.003996136,-0.0042062956,-0.007321036,0.0,-0.006355195,0.0
-0.007996136,-0.0002062954,-0.004312059,0.0,-0.0035559572,0.0
-0.003996136,0.0037937048,-0.00031205872,0.0,0.00044404296,0.0
-0.007996136,0.0035900387,0.0020266657,0.0,-0.003170897,0.0
-0.003996136,-0.00040996145,-0.0019733345,0.0,-0.007170897,0.0
3.8640574e-06,-0.0044099614,-0.0059733344,0.0,-0.011170898,0.0
0.0040038642,-0.008409962,-0.0078066285,0.0,-0.015170898,0.0
0.0059753372,-0.0123995,-0.0038066283,0.0,-0.011170898,0.0
0.001975337,-0.0083995,0.0001933719,0.0,-0.0071708974,0.0
-0.0020246631,-0.0043994994,0.004193372,0.0,-0.0031708973,0.0
-0.0060246633,-0.0003994992,0.008193372,0.0,0.00082910294,0.0
-0.010024663,0.003600501,0.0041933716,0.0,0.0040775496,0.0
-0.006024663,-0.0003994992,0.00019337144,0.0,7.754937e-05,0.0
-0.0020246627,-0.0043994994,-0.0038066288,0.0,-0.003922451,0.0
0.0019753375,-0.0083995,-0.007806629,0.0,-0.007922451,0.0
0.0059753377,-0.0123995,-0.004546232,0.0,-0.011922451,0.0
0.0019753375,-0.0083995,-0.00054623187,0.0,-0.00792245,0.0
0.0022127011,-0.0043994994,0.0034537683,0.0,-0.0046964455,0.0
-0.001787299,-0.0003994992,0.0074537685,0.0,-0.00069644535,0.0
-0.005787299,0.003600501,0.0034537683,0.0,0.001476045,0.0
-0.009787299,-0.0003994992,-0.00054623187,0.0,-0.0025239552,0.0
-0.01019816,-0.0043994994,-0.004546232,0.0,-0.0065239556,0.0
-0.00619816,-0.0083995,-0.008546232,0.0,-0.010523956,0.0
-0.0021981597,-0.0123995,-0.0075840405,0.0,-0.014523957,0.0
0.0018018405,-0.0083995,-0.0035840403,0.0,-0.010523956,0.0
0.0058018407,-0.0043994994,0.00041595986,0.0,-0.006523956,0.0
0.0018018405,-0.0003994992,0.00441596,0.0,-0.002523956,0.0
-0.0021981597,0.003600501,0.0038771776,0.0,0.0013952674,0.0
-0.00619816,0.007600501,-0.00012282259,0.0,0.0044547864,0.0
-0.01019816,0.003600501,-0.0041228225,0.0,0.00045478623,0.0
-0.00619816,-0.0003994992,-0.008122822,0.0,-0.003545214,0.0
-0.0021981597,-0.0043994994,-0.012122823,0.0,-0.007545214,0.0
0.0018018405,-0.0083995,-0.008122822,0.0,-0.011545215,0.0
-0.0016136626,-0.0043994994,-0.004122822,0.0,-0.0075452146,0.0
0.0023863376,-0.0003994992,-0.00012282189,0.0,-0.0037826623,0.0
-0.0016136626,0.003600501,0.0032773342,0.0,0.00021733786,0.0
0.0023863376,-0.0003994992,0.0032805155,0.0,-0.0037826623,0.0
0.005813857,-0.0043994994,-0.00027147355,0.0,-0.0077826623,0.0
0.0018138569,-0.0083995,-0.0042714737,0.0,-0.011782663,0.0
-0.0021861433,-0.006846224,-0.0063233213,0.0,-0.008825145,0.0
-0.0061861435,-0.0028462238,-0.0042444947,0.0,-0.0048251445,0.0
-0.008892073,0.0011537764,-0.00024449453,0.0,-0.00082514435,0.0
-0.004892073,0.0051537766,0.0037555057,0.0,0.0031748558,0.0
-0.0008920729,0.0011537764,-0.00024449453,0.0,-0.00082514435,0.0
0.0031079273,-0.0028462238,0.0037555057,0.0,-0.0048251445,0.0
0.0071079275,-0.006846224,-0.00024449453,0.0,-0.008825145,0.0
0.0031079273,-0.0028462238,0.0022585925,0.0,-0.005605793,0.0
-0.0008920729,-0.006846224,-0.0017414077,0.0,-0.009605793,0.0
-0.004892073,-0.0028462238,-0.002397483,0.0,-0.005605793,0.0
-0.0032161332,-0.006846224,-0.006397483,0.0,-0.009605793,0.0
-0.007216133,-0.0028462238,-0.0023974827,0.0,-0.005605793,0.0
-0.003216133,-0.006846224,-0.006397483,0.0,-0.009605793,0.0
0.0007838672,-0.0028462238,-0.0023974827,0.0,-0.005605793,0.0
0.0047838674,-0.006846224,-0.0002964032,0.0,-0.009605793,0.0
0.0007838672,-0.0028462238,0.003703597,0.0,-0.005605793,0.0
-0.003216133,-0.005027454,-0.0002964032,0.0,-0.006644785,0.0
-0.007216133,-0.0010274537,0.0012103172,0.0,-0.0026447847,0.0
-0.0038011537,-0.005027454,-0.002789683,0.0,-0.006644785,0.0
0.00019884645,-0.0010274537,0.00057929335,0.0,-0.0026447847,0.0
0.0041988464,-0.005027454,-0.0034207068,0.0,-0.006644785,0.0
0.003464343,-0.0010274537,0.00057929335,0.0,-0.0026447847,0.0
-0.00053565716,-0.005027454,-0.0034207068,0.0,-0.006644785,0.0
-0.0045356574,-0.0010274537,-0.0002444291,0.0,-0.0026447847,0.0
-0.008535657,-0.005027454,-0.004244429,0.0,-0.006644785,0.0
-0.012535658,-0.0010274537,-0.00024442887,0.0,-0.0026447847,0.0
-0.008535657,-0.005027454,-0.004244429,0.0,-0.006644785,0.0
-0.004535657,-0.0010274537,-0.00024442887,0.0,-0.0026447847,0.0
-0.0005356567,-0.005027454,-0.004244429,0.0,-0.006644785,0.0
0.0034643435,-0.005578711,-0.00024442887,0.0,-0.006868982,0.0
0.0074643437,-0.00388691,0.0020097464,0.0,-0.005650542,0.0
0.0034643435,0.00011309027,0.0060097463,0.0,-0.001650542,0.0
-0.0005356567,0.002381331,0.0020097462,0.0,-0.0019012693,0.0
-0.004535657,-0.0016186691,-0.001990254,0.0,-0.0054935724,0.0
-0.008535657,-0.005618669,-0.005990254,0.0,-0.0073303655,0.0
-0.012535658,-0.00961867,-0.009990254,0.0,-0.011330366,0.0
-0.008535657,-0.0056186696,-0.005990254,0.0,-0.007330366,0.0
-0.004535657,-0.0016186694,-0.001990254,0.0,-0.0033303658,0.0
-0.0005356567,0.0023813308,0.0020097462,0.0,0.00066963444,0.0
0.0034643435,-0.0016186694,0.0060097463,0.0,-0.0033303658,0.0
0.0074643437,-0.0056186696,0.0020097462,0.0,-0.007330366,0.0
0.0057045943,-0.00961867,-0.001990254,0.0,-0.011330366,0.0
0.0017045941,-0.0056186696,-0.005990254,0.0,-0.007330366,0.0
-0.002295406,-0.0016186694,-0.0066364007,0.0,-0.0033303658,0.0
-0.0062954063,0.0023813308,-0.0026364005,0.0,0.00066963444,0.0
-0.010295406,0.0027135375,0.0010581198,0.0,-0.0016571395,0.0
-0.006295406,-0.0012864626,-0.0008440665,0.0,-0.0056571397,0.0
-0.0022954056,-0.0052864626,-0.001669436,0.0,-0.00965714,0.0
0.0017045946,-0.009286463,-0.0056694364,0.0,-0.01365714,0.0
0.005704595,-0.013286464,-0.0025773423,0.0,-0.009657139,0.0
0.0017045946,-0.009286463,0.0014226579,0.0,-0.005657139,0.0
-0.0022954056,-0.005286463,0.0054226583,0.0,-0.0016571386,0.0
-0.006295406,-0.0012864629,0.0014226581,0.0,0.0023428616,0.0
-0.010295406,0.0027135373,0.0021349555,0.0,0.006342862,0.0
-0.006295406,-0.0012864629,-0.0018650447,0.0,0.0023428616,0.0
-0.0022954056,-0.005286463,-0.005865045,0.0,-0.0016571386,0.0
0.0017045946,-0.009286463,-0.009865046,0.0,-0.005657139,0.0
0.005704595,-0.0060059004,-0.0058650454,0.0,-0.009657139,0.0
0.004321979,-0.0020059003,-0.0018650452,0.0,-0.005657139,0.0
0.0003219787,0.0019941,0.002134955,0.0,-0.0016571386,0.0
-0.0036780215,0.0059941,0.006134955,0.0,0.0023428616,0.0
-0.006705911,0.0037846838,0.002134955,0.0,-0.0016571386,0.0
-0.0042679273,-0.00021531642,-0.0018650452,0.0,-0.005657139,0.0
-0.00026792707,-0.004215317,-0.0058650454,0.0,-0.009657139,0.0
0.0037320731,-0.0082153175,-0.009865046,0.0,-0.01365714,0.0
0.0077320733,-0.012215318,-0.013085212,0.0,-0.01765714,0.0
0.0037320731,-0.0082153175,-0.009085212,0.0,-0.01365714,0.0
-0.00026792707,-0.0042153173,-0.0050852117,0.0,-0.009657139,0.0
-0.0042679273,-0.00021531712,-0.0010852115,0.0,-0.005657139,0.0
-0.008267928,0.003784683,0.0029147887,0.0,-0.0016571386,0.0
-0.0042679277,0.0047511705,0.0033939711,0.0,0.0015472774,0.0
-0.00026792753,0.00075117033,-0.00060602906,0.0,-0.0024527228,0.0
0.0037320727,-0.0032488299,-0.004606029,0.0,-0.006452723,0.0
0.007732073,-0.00724883,-0.00860603,0.0,-0.010452723,0.0
0.0041325367,-0.011248831,-0.01260603,0.0,-0.014452724,0.0
0.00013253652,-0.0072488305,-0.00860603,0.0,-0.010452723,0.0
-0.0038674637,-0.0032488303,-0.0046060295,0.0,-0.006452723,0.0
-0.007867464,0.00075116986,-0.0006060293,0.0,-0.0024527228,0.0
-0.0038674637,0.00475117,0.003393971,0.0,0.0015472774,0.0
0.00013253652,0.00075116986,-0.0006060293,0.0,-0.0024527228,0.0
0.0041325367,-0.0032488303,-0.0046060295,0.0,-0.006452723,0.0
0.008132537,-0.0072488305,-0.00860603,0.0,-0.010452723,0.0
0.0041325367,-0.011248831,-0.01260603,0.0,-0.014452724,0.0
0.0005057773,-0.0072488305,-0.00860603,0.0,-0.010452723,0.0
-0.0034942229,-0.0032488303,-0.0046060295,0.0,-0.006452723,0.0
-0.0074942233,0.00075116986,-0.0006060293,0.0,-0.0024527228,0.0
-0.011494223,0.00475117,0.003393971,0.0,0.0015472774,0.0
-0.007494223,0.00075116986,0.0017690979,0.0,-0.0024527228,0.0
-0.0034942226,-0.0032488303,-0.0022309022,0.0,-0.006452723,0.0
0.00050577754,-0.0072488305,-0.0062309024,0.0,-0.010452723,0.0
0.0045057777,-0.011248831,-0.010230903,0.0,-0.014452724,0.0
0.008505778,-0.0144484,-0.0062309024,0.0,-0.010452723,0.0
0.004505778,-0.0104484,-0.0022309022,0.0,-0.006452723,0.0
0.000505778,-0.0064483997,0.001769098,0.0,-0.0024527228,0.0
-0.0034942222,-0.0024483996,0.0024084316,0.0,0.0015472774,0.0
-0.0074942224,0.0015516006,0.0046642544,0.0,0.0055472776,0.0
-0.011494223,0.005551601,0.0006642542,0.0,0.003929507,0.0
-0.007494223,0.0015516006,-0.003335746,0.0,-7.04932e-05,0.0
-0.0034942226,-0.0024483996,-0.007335746,0.0,-0.0040704934,0.0
0.00050577754,-0.0064483997,-0.00954535,0.0,-0.008070493,0.0
0.0045057777,-0.0104484,-0.0055453503,0.0,-0.012070494,0.0
0.006264834,-0.0064483997,-0.0015453501,0.0,-0.008070493,0.0
0.002264834,-0.0024483996,0.0024546501,0.0,-0.004070493,0.0
-0.0017351662,0.0015516006,0.0064546503,0.0,-7.049274e-05,0.0
-0.0057351664,0.003047316,0.0024546501,0.0,0.0007874136,0.0
-0.009735167,-0.0009526841,-0.0015453501,0.0,-0.0032125865,0.0
-0.005735167,-0.004952684,-0.0055453503,0.0,-0.0072125867,0.0
-0.0017351666,-0.008952685,-0.00954535,0.0,-0.011212587,0.0
0.0022648335,-0.012952685,-0.0055453503,0.0,-0.010276018,0.0
0.0062648337,-0.008952685,-0.0015453501,0.0,-0.0062760175,0.0
0.010264834,-0.0049526845,0.0024546501,0.0,-0.0022760173,0.0
0.006264834,-0.0009526843,0.0064546503,0.0,0.0017239829,0.0
0.002264834,0.0030473159,0.0024546501,0.0,0.005723983,0.0
-0.0017351662,0.007047316,0.0064546503,0.0,0.009723984,0.0
-0.0057351664,0.0030473159,0.0024546501,0.0,0.0057239835,0.0
-0.0017351662,0.007047316,0.005636356,0.0,0.003601867,0.0
0.002264834,0.0030473159,0.0016363556,0.0,-0.00039813318,0.0
0.006264834,-0.0009526843,-0.0023636445,0.0,-0.0043981336,0.0
0.005677194,-0.0049526845,-0.0063636447,0.0,-0.008398134,0.0
0.0016771937,-0.008952685,-0.010363645,0.0,-0.012398135,0.0
-0.0023228065,-0.0059665414,-0.0063636447,0.0,-0.008398134,0.0
-0.0063228067,-0.0019665412,-0.0023636445,0.0,-0.004398134,0.0
-0.0029464753,0.002033459,0.0016363556,0.0,-0.00039813388,0.0
0.0010535249,0.006033459,0.005636356,0.0,0.0036018663,0.0
0.005053525,0.002033459,0.0016363556,0.0,-0.00039813388,0.0
0.0010535247,0.006033459,0.0010148113,0.0,-0.0020942672,0.0
-0.0029464755,0.002033459,-0.0029851887,0.0,-0.0060942676,0.0
-0.0069464757,-0.0019665412,-0.006985189,0.0,-0.010094268,0.0
-0.006349673,-0.0059665414,-0.010985189,0.0,-0.014094269,0.0
-0.0023496728,-0.009966541,-0.006985189,0.0,-0.010094268,0.0
0.0016503274,-0.005966541,-0.0029851887,0.0,-0.006094268,0.0
0.0056503275,-0.0019665407,0.0010148115,0.0,-0.0020942679,0.0
0.009650327,0.0020334595,0.0050148116,0.0,0.0019057323,0.0
0.005650327,-0.0019665407,0.0010148115,0.0,-0.0020942679,0.0
0.0016503269,-0.0017948697,-0.0029851887,0.0,-0.0030833068,0.0
-0.0023496733,-0.0057948697,-0.006985189,0.0,-0.007083307,0.0
-0.0063496735,-0.0029360878,-0.008705589,0.0,-0.004302383,0.0
-0.0067700692,-0.006936088,-0.005947919,0.0,-0.008302383,0.0
-0.002770069,-0.002936088,-0.0019479189,0.0,-0.004302383,0.0
0.0012299311,0.0010639122,0.0020520813,0.0,-0.0028223516,0.0
0.0052299313,0.0050639124,0.0060520815,0.0,0.0011776485,0.0
0.007495926,0.009063913,0.0020520813,0.0,0.0051776487,0.0
0.003495926,0.0050639124,-0.0019479189,0.0,0.0011776485,0.0
-0.00050407415,0.0010639122,-0.005947919,0.0,-0.0028223516,0.0
-0.0045040743,-0.002936088,-0.009947919,0.0,-0.006822352,0.0
-0.00050407415,-0.006936088,-0.0074183117,0.0,-0.010822352,0.0
0.0022811263,-0.010936089,-0.0064269514,0.0,-0.012346047,0.0
0.0062811263,-0.0069360887,-0.0024269512,0.0,-0.008346047,0.0
0.0058175256,-0.0029360885,0.001573049,0.0,-0.004346047,0.0
0.005672702,0.0010639117,0.005573049,0.0,-0.00034604687,0.0
0.0016727019,-0.0019602429,0.001573049,0.0,-0.0013186632,0.0
-0.0023272983,-0.00044513796,-0.0024269512,0.0,-0.0013933583,0.0
-0.0063272985,-0.0044451384,-0.0064269514,0.0,-0.0053933584,0.0
-0.009157351,-0.008445138,-0.010426952,0.0,-0.007792142,0.0
-0.005157351,-0.012445139,-0.0064269514,0.0,-0.010780354,0.0
-0.0011573508,-0.008445138,-0.0024269512,0.0,-0.006780354,0.0
0.0028426494,-0.004445138,0.001573049,0.0,-0.0027803537,0.0
0.0068426495,-0.00044513773,0.005573049,0.0,0.0012196465,0.0
0.010842649,0.0035548625,0.005970883,0.0,0.0052196467,0.0
0.006842649,-0.00044513773,0.001970883,0.0,0.0012196465,0.0
0.002842649,-0.004445138,-0.0020291172,0.0,-0.0027803537,0.0
-0.0011573513,-0.008445138,-0.0060291174,0.0,-0.006780354,0.0
-0.0051573515,-0.004445138,-0.0020291172,0.0,-0.0027803537,0.0
-0.009157352,-0.00044513773,-0.004433263,0.0,0.0005345624,0.0
-0.005157352,0.0035548625,-0.0004332629,0.0,0.0045345626,0.0
-0.0011573518,-0.00044513773,-0.004433263,0.0,0.0005345624,0.0
0.0028426484,-0.004445138,-0.0011678322,0.0,-0.0034654378,0.0
0.0068426486,-0.008445138,-0.0051678326,0.0,-0.007465438,0.0
0.010842649,-0.008155342,-0.0011678324,0.0,-0.007946754,0.0
0.006842649,-0.008508904,-0.0051678326,0.0,-0.006068842,0.0
0.002842649,-0.0045089037,-0.0011678324,0.0,-0.0020688418,0.0
-0.0011573513,-0.0005089035,-0.0016492415,0.0,0.0019311584,0.0
-0.0051573515,0.0034910967,0.0023507588,0.0,0.0059311586,0.0
-0.009157352,0.007491097,-0.0016492414,0.0,0.004321941,0.0
-0.005157352,0.0034910967,-0.0021582006,0.0,0.00032194098,0.0
-0.0011573518,-0.0005089035,-0.006158201,0.0,-0.0036780592,0.0
0.0028426484,-0.0045089037,-0.0074317306,0.0,-0.0076780594,0.0
0.0068426486,-0.008508904,-0.009655605,0.0,-0.01167806,0.0
0.0028426484,-0.0045089037,-0.005655605,0.0,-0.0076780594,0.0
-0.0011573518,-0.0005089035,-0.0016556047,0.0,-0.0036780592,0.0
-0.005157352,0.0034910967,0.0023443955,0.0,0.00032194098,0.0
-0.009157352,0.007491097,0.0026974794,0.0,0.004321941,0.0
-0.005157352,0.0034910967,-0.0013025207,0.0,0.00032194098,0.0
-0.0011573518,-0.0005089035,-0.005302521,0.0,-0.0036780592,0.0
0.0028426484,-0.0045089037,-0.009302521,0.0,-0.0076780594,0.0
0.0068426486,-0.008508904,-0.0100732315,0.0,-0.01167806,0.0
0.00374276,-0.0045089037,-0.0060732313,0.0,-0.0076780594,0.0
-0.00025724014,-0.0005089035,-0.0020732312,0.0,-0.0036780592,0.0
-0.0042572403,0.0034910967,0.001926769,0.0,0.00032194098,0.0
-0.00825724,0.007491097,0.0017570074,0.0,0.004247714,0.0
-0.00425724,0.0034910967,-0.0022429926,0.0,0.00024771364,0.0
-0.00025723968,-0.0005089035,-0.006242993,0.0,-0.0037522865,0.0
0.0037427605,-0.0045089037,-0.010242993,0.0,-0.0077522867,0.0
0.0077427607,-0.008508904,-0.012167423,0.0,-0.011752287,0.0
0.004138076,-0.005509182,-0.008167423,0.0,-0.0077522867,0.0
0.00013807602,-0.0015091817,-0.004167423,0.0,-0.0037522865,0.0
-0.0038619242,0.0024908185,-0.00016742293,0.0,0.00024771364,0.0
-0.0029964463,0.0037337765,0.0021123092,0.0,0.0028796222,0.0
0.0010035539,-0.00026622368,-0.001887691,0.0,-0.001120378,0.0
0.005003554,-0.004266224,-0.005887691,0.0,-0.005120378,0.0
0.001888318,-0.008266224,-0.009887692,0.0,-0.009120379,0.0
0.002172799,-0.010701017,-0.0058876914,0.0,-0.0072592082,0.0
-0.0018272011,-0.0067010173,-0.0018876912,0.0,-0.003259208,0.0
-0.0058272015,-0.002701017,0.002112309,0.0,0.00074079214,0.0
-0.009827202,0.0012989831,0.006112309,0.0,0.0047407923,0.0
-0.005827202,0.0052989833,0.0026415566,0.0,0.0029252889,0.0
-0.0018272018,0.0012989831,-0.0013584436,0.0,-0.0010747113,0.0
0.0021727984,-0.002701017,-0.0053584436,0.0,-0.0050747115,0.0
0.0061727986,-0.0067010173,-0.009358443,0.0,-0.009074712,0.0
0.010172799,-0.010701017,-0.013358444,0.0,-0.013074713,0.0
0.006172799,-0.006707053,-0.009358443,0.0,-0.009074712,0.0
0.0021727988,-0.002707053,-0.005358443,0.0,-0.005074712,0.0
-0.0018272013,0.0012929472,-0.0013584429,0.0,-0.0010747118,0.0
-0.0058272015,0.0052929474,0.0026415573,0.0,0.0029252884,0.0
-0.0018272013,0.0012929472,-0.0013584429,0.0,0.0003465803,0.0
0.0021727988,-0.002707053,-0.005358443,0.0,-0.00365342,0.0
0.006172799,-0.006707053,-0.009358443,0.0,-0.00765342,0.0
0.010172799,-0.010707053,-0.013358444,0.0,-0.01165342,0.0
0.006172799,-0.006707053,-0.009358443,0.0,-0.0076534194,0.0
0.0021727988,-0.002707053,-0.005358443,0.0,-0.0036534192,0.0
-0.0018272013,0.0012929472,-0.0013584429,0.0,0.000346581,0.0
0.0021727988,-0.002707053,-0.005358443,0.0,-0.0036534192,0.0
-0.0018272013,0.0012929472,-0.0013584429,0.0,0.000346581,0.0
0.0021727988,-0.002707053,-0.005358443,0.0,-0.0036534192,0.0
-0.0018272013,0.0012929472,-0.0013584429,0.0,0.000346581,0.0
0.0021727988,-0.002707053,-0.005358443,0.0,-0.0036534192,0.0
-0.0018272013,0.0012929472,-0.0013584429,0.0,0.000346581,0.0
0.0021727988,-0.002707053,-0.005358443,0.0,-0.0036534192,0.0
-0.0018272013,0.0012929472,-0.0013584429,0.0,0.000346581,0.0
0.0021727988,-0.002707053,-0.005358443,0.0,-0.0036534192,0.0
-0.0018272013,0.0012929472,-0.0013584429,0.0,0.000346581,0.0
0.0021727988,-0.002707053,-0.005358443,0.0,-0.0036534192,0.0
-0.0018272013,0.0012929472,-0.0013584429,0.0,0.000346581,0.0
0.0021727988,-0.002707053,-0.005358443,0.0,-0.0036534192,0.0
-0.0018272013,0.0012929472,-0.0013584429,0.0,0.00020306697,0.0
0.0021727988,-0.002707053,-0.005358443,0.0,-0.0037969332,0.0
-0.0018272013,0.0012929472,-0.0013584429,0.0,0.00020306697,0.0
0.0021727988,-0.002707053,-0.005358443,0.0,-0.0037969332,0.0
-0.0018272013,0.0012929472,-0.0013584429,0.0,0.00020306697,0.0
0.0021727988,-0.002707053,-0.005358443,0.0,-0.0037969332,0.0
-0.0018272013,0.0012929472,-0.0013584429,0.0,0.00020306697,0.0
0.0021727988,-0.002707053,-0.005358443,0.0,-0.0037969332,0.0
-0.0018272013,0.0012929472,-0.0013584429,0.0,0.00020306697,0.0
0.0021727988,-0.002707053,-0.005358443,0.0,-0.0037969332,0.0
-0.0018272013,0.0012929472,-0.0013584429,0.0,0.00020306697,0.0
0.0021727988,-0.002707053,-0.005358443,0.0,-0.0037969332,0.0
-0.0018272013,0.0012929472,-0.0013584429,0.0,6.655371e-05,0.0
0.0021727988,-0.002707053,-0.005358443,0.0,-0.0039334465,0.0
-0.0018272013,0.0012929472,-0.0013584429,0.0,6.655371e-05,0.0
0.0021727988,-0.002707053,-0.005358443,0.0,-0.0039334465,0.0
-0.0018272013,0.0012929472,-0.0013584429,0.0,6.655371e-05,0.0
0.0021727988,-0.002707053,-0.005358443,0.0,-0.0039334465,0.0
-0.0018272013,0.0012929472,-0.0013584429,0.0,6.655371e-05,0.0
0.0021727988,-0.002707053,-0.005358443,0.0,-0.0039334465,0.0
-0.0018272013,0.0012929472,-0.0013584429,0.0,6.655371e-05,0.0
-0.0058272015,-0.0010488555,0.0016499902,0.0,0.000113455535,0.0
-0.006551973,0.0029511447,0.0023889297,0.0,0.0009940742,0.0
-0.0025519729,-0.0010488555,-0.0016110705,0.0,-0.003005926,0.0
-0.006551973,-0.0021282553,0.0023889297,0.0,-0.0017444678,0.0
-0.0025519729,-0.0061282553,-0.0016110705,0.0,-0.005744468,0.0
0.0014480273,-0.002454398,-0.0003470669,0.0,-0.0017444678,0.0
0.0054480275,-0.006454398,-0.0043470673,0.0,-0.0048869355,0.0
0.007158816,-0.0024543977,-0.00034706714,0.0,-0.0008869353,0.0
